-- phpMyAdmin SQL Dump
-- version 4.4.14
-- http://www.phpmyadmin.net
--
-- Host: 127.0.0.1
-- Gegenereerd op: 30 nov 2017 om 23:18
-- Serverversie: 5.6.26
-- PHP-versie: 5.6.12

SET SQL_MODE = "NO_AUTO_VALUE_ON_ZERO";
SET time_zone = "+00:00";


/*!40101 SET @OLD_CHARACTER_SET_CLIENT=@@CHARACTER_SET_CLIENT */;
/*!40101 SET @OLD_CHARACTER_SET_RESULTS=@@CHARACTER_SET_RESULTS */;
/*!40101 SET @OLD_COLLATION_CONNECTION=@@COLLATION_CONNECTION */;
/*!40101 SET NAMES utf8mb4 */;

--
-- Database: `sp-verkiezing`
--

-- --------------------------------------------------------

--
-- Tabelstructuur voor tabel `partij`
--

CREATE TABLE IF NOT EXISTS `partij` (
  `partij_id` int(11) NOT NULL,
  `partijnaam` varchar(45) DEFAULT NULL,
  `partij_afkorting` varchar(45) DEFAULT NULL
) ENGINE=InnoDB AUTO_INCREMENT=35 DEFAULT CHARSET=latin1;

--
-- Gegevens worden geëxporteerd voor tabel `partij`
--

INSERT INTO `partij` (`partij_id`, `partijnaam`, `partij_afkorting`) VALUES
(1, 'Volkspartij voor Vrijheid en Democratie', 'VVD'),
(2, 'Partij van de Arbeid', 'PvdA'),
(3, 'Partij voor de Vrijheid', 'PVV'),
(4, 'Christen Democratisch Appèl', 'CDA'),
(5, 'Socialistische Partij', 'SP'),
(6, 'Democraten 66', 'D66'),
(7, 'GroenLinks', 'GL'),
(8, 'ChristenUnie', 'CU'),
(9, 'Staatkundig Gereformeerde Partij', 'SGP'),
(10, 'Partij voor de Dieren', 'PvdD'),
(11, 'Piratenpartij', 'PP'),
(12, 'Partij voor Mens en Spirit', 'MenS'),
(13, 'Nederland Lokaal', 'NL'),
(14, 'Libertarische Partij', 'LP'),
(15, 'Democratisch Politiek Keerpunt', 'DPK'),
(16, '50PLUS', '50PLUS'),
(17, 'Liberaal Democratische Partij', 'LibDem'),
(18, 'Anti Europa Partij', 'AEP'),
(19, 'Soeverein Onafhankelijke Pioniers Nederland', 'SOPN'),
(20, 'Partij van de Toekomst', 'PvdT'),
(21, 'Swollwacht', 'SW'),
(22, 'Ouderen Politiek Actief', 'OPA'),
(23, 'Lijst Willem Lucht', 'LWL'),
(24, 'OndernemersPartij', 'OP'),
(25, 'VoorNederland', 'VNL'),
(26, 'DENK', 'DENK'),
(27, 'NIEUWE WEGEN', 'NW'),
(28, 'Forum voor Democratie', 'FvD'),
(29, 'De Burger Beweging', 'DBB'),
(30, 'Vrijzinnige Partij', 'VP'),
(31, 'GeenPeil', 'GP'),
(32, 'Artikel 1', 'Art1kel'),
(33, 'Niet Stemmers', 'NS'),
(34, 'Lokaal in de Kamer', 'LidK');

-- --------------------------------------------------------

--
-- Tabelstructuur voor tabel `stembureau`
--

CREATE TABLE IF NOT EXISTS `stembureau` (
  `stembureau_id` int(11) NOT NULL,
  `naam` varchar(45) DEFAULT NULL,
  `nummer` int(11) DEFAULT NULL,
  `postcode` varchar(7) DEFAULT NULL,
  `locatie_lat` varchar(45) DEFAULT NULL,
  `locatie_lon` varchar(45) DEFAULT NULL
) ENGINE=InnoDB AUTO_INCREMENT=136 DEFAULT CHARSET=latin1;

--
-- Gegevens worden geëxporteerd voor tabel `stembureau`
--

INSERT INTO `stembureau` (`stembureau_id`, `naam`, `nummer`, `postcode`, `locatie_lat`, `locatie_lon`) VALUES
(1, 'Stadhuis', 1, '8011 PK', '6.092781', '52.511354'),
(2, 'Het Lumeijn', 2, '8019 AL', '6.076583', '52.510711'),
(3, 'Woonzorgcentrum De Nieuwe Haven', 3, '8011 AS', '6.083325', '52.511353'),
(4, 'GGD IJsselland', 4, '8011 CV', '6.093504', '52.508203'),
(5, 'Wijkcentrum De Enk', 5, '8012 VA', '6.099045', '52.506798'),
(6, 'Het Mozaïek locatie De Mozadance', 6, '8012 DJ', '6.103490', '52.504717'),
(7, 'Woonzorgcentrum De Molenhof', 7, '8012 EJ', NULL, NULL),
(8, 'Stadhuis', 1, '8011 PK', NULL, NULL),
(9, 'School Het Veldboeket', 8, '8013 TV', NULL, NULL),
(10, 'School De Vlieger', 9, '8043 RL', NULL, NULL),
(11, 'Zalencentrum De Oosterkerk', 10, '8021 AG', NULL, NULL),
(12, 'Historisch Centrum Overijssel', 11, '8021 WX', NULL, NULL),
(13, 'Woonzorgcentrum De Esdoorn', 12, '8021 WB', NULL, NULL),
(14, 'Kerk De Fontein', 13, '8043 NX', NULL, NULL),
(15, 'Wijkcentrum Holtenbroek', 14, '8031 HL', NULL, NULL),
(16, 'School Het Carillon', 15, '8031 HL', NULL, NULL),
(17, 'Scholengem. van der Capellen', 16, '8031 XM', NULL, NULL),
(18, 'Woonzorgcentrum De Havezate', 17, '8031 MK', NULL, NULL),
(19, 'Gymnasium Celeanum', 18, '8032 EM', NULL, NULL),
(20, 'De Hoeksteen', 19, '8032 PB', NULL, NULL),
(21, 'School De Werkschuit', 20, '8032 TK', NULL, NULL),
(22, 'School De Wieden', 21, '8033 CS', NULL, NULL),
(23, 'School De Kleuterbrug', 22, '8033 AK', NULL, NULL),
(24, 'Woonzorgcentrum Rivierenhof', 23, '8032 HX', NULL, NULL),
(25, 'School Het Stroomdal', 24, '8032 CG', NULL, NULL),
(26, 'Dienstencentrum De Terp', 25, '8022 BG', NULL, NULL),
(27, 'Geb. Muz. Ver. De Bazuin', 26, '8022 RK', NULL, NULL),
(28, 'School De Oosterenk', 27, '8023 DJ', NULL, NULL),
(29, 'Wijkcentrum Bestevaer', 28, '8023 TP', NULL, NULL),
(30, 'Sportservice Zwolle', 29, '8023 BL', NULL, NULL),
(31, 'Clubhuis HTC', 30, '8034 PC', NULL, NULL),
(32, 'Woonzorgcentrum De Wissel', 31, '8024 CS', NULL, NULL),
(33, 'Wijkcentrum De Weijenbelt', 32, '8024 BZ', NULL, NULL),
(34, 'Kulturhus Wijthmen', 33, '8026 PS', NULL, NULL),
(35, 'Woonzorgcentrum Westenhage', 34, '8042 AD', NULL, NULL),
(36, 'School De Ridderspoor', 35, '8042 HM', NULL, NULL),
(37, 'School De Wendakker', 36, '8043 VW', NULL, NULL),
(38, 'Wijkcentrum S.I.O.', 37, '8014 AZ', NULL, NULL),
(39, 'Wijkcentrum Gerenlanden', 38, '8014 DM', NULL, NULL),
(40, 'v.m. Marsweide', 39, '8014 LA', NULL, NULL),
(41, 'Gymzaal vm De Matenburcht', 40, '8014 LA', NULL, NULL),
(42, 'De Molenkamp', 41, '8015 PM', NULL, NULL),
(43, 'De Siggels', 42, '8014 BK', NULL, NULL),
(44, 'Windesheim Hogeschool', 43, '8017 CA', NULL, NULL),
(45, 'School De Ark', 44, '8016 AX', NULL, NULL),
(46, 'Koningskerk', 45, '8016 ET', NULL, NULL),
(47, 'School De Ichthus', 46, '8017 AZ', NULL, NULL),
(48, 'Woonzorgcentrum De Kievitsbloem', 47, '8014 XP', NULL, NULL),
(49, 'IJsselheem locatie Werkeren', 48, '8043 LK', NULL, NULL),
(50, 'School De Krullevaar', 49, '8043 EA', NULL, NULL),
(51, 'School IJsselhof', 50, '8015 BX', NULL, NULL),
(52, 'School De Phoenix', 51, '8017 PA', NULL, NULL),
(53, 'IJsselbolder', 52, '8016 AX', NULL, NULL),
(54, 'Disloc. De Zevensprong', 53, '8043 EA', NULL, NULL),
(55, 'Stedelijk Museum', 54, '8011 ML', NULL, NULL),
(56, 'Stadskantoor', 55, '8017 JZ', NULL, NULL),
(57, 'Woonzorgcentrum Het Zonnehuis', 56, '8043 WB', NULL, NULL),
(58, 'SBO Facet', 57, '8031 VA', NULL, NULL),
(59, 'Wijkcentrum Het Anker', 58, '8042 GC', NULL, NULL),
(60, 'Gymzaal van Het Mozaïek', 59, '8012 XG', NULL, NULL),
(61, 'Strandhuis Milligerplas', 60, '8043 ND', NULL, NULL),
(62, 'School De Octopus', 61, '8016 GB', NULL, NULL),
(63, 'School De Klokbeker', 62, '8014 BK', NULL, NULL),
(64, 'Wijkcentrum De Vlasakkers', 63, '8022 PZ', NULL, NULL),
(65, 'Recreatiezaal Parkzicht', 64, '8023 XT', NULL, NULL),
(66, 'Cultuurhuis Stadshagen', 65, '8043 LT', NULL, NULL),
(67, 'NS Station', 66, '8011 CW', NULL, NULL),
(68, 'Mobiel Stembureau verzorg. tehuizen', 67, '8017 JZ', NULL, NULL),
(69, 'Kantine tennisvereniging ZLTB', 2, '8019 AN', NULL, NULL),
(70, 'Woonzorgcentrum De Nieuwe Haven', 3, '8011 AS', NULL, NULL),
(71, 'Gebouw GGD IJsselland', 4, '8011 CV', NULL, NULL),
(72, 'Wijkcentrum De Enk', 5, '8012 VA', NULL, NULL),
(73, 'De Mozadance ingang Molenweg', 6, '8012 DJ', NULL, NULL),
(74, 'Woonzorgcentrum De Molenhof', 7, '8012 EJ', NULL, NULL),
(75, 'School Het Veldboeket', 8, '8013 TV', NULL, NULL),
(76, 'KSB De Vlieger 2', 9, '8043 RL', NULL, NULL),
(77, 'School Aquamarijn', 10, '8021 AG', NULL, NULL),
(78, 'Historisch Centrum Overijssel', 11, '8021 WX', NULL, NULL),
(79, 'Woonzorgcentrum De Esdoorn', 12, '8021 WB', NULL, NULL),
(80, 'Kerk De Fontein', 13, '8043 NX', NULL, NULL),
(81, 'Woonzorgcentrum Fermate', 14, '8031 EM', NULL, NULL),
(82, 'Wijkcentrum Holtenbroek', 15, '8031 HL', NULL, NULL),
(83, 'Scholengem. van der Capellen', 16, '8031 XM', NULL, NULL),
(84, 'Woonzorgcentrum De Havezate', 17, '8031 MK', NULL, NULL),
(85, 'Gymnasium Celeanum', 18, '8032 EM', NULL, NULL),
(86, 'De Hoeksteen', 19, '8032 PB', NULL, NULL),
(87, 'School De Werkschuit', 20, '8032 TK', NULL, NULL),
(88, 'School De Wieden', 21, '8033 CS', NULL, NULL),
(89, 'Sionskerk', 22, '8033 BA', NULL, NULL),
(90, 'Woonzorgcentrum Rivierenhof', 23, '8032 HX', NULL, NULL),
(91, 'School Het Stroomdal', 24, '8032 CG', NULL, NULL),
(92, 'Dienstencentrum De Terp', 25, '8022 BG', NULL, NULL),
(93, 'Geb. Muz. Ver. De Bazuin', 26, '8022 RK', NULL, NULL),
(94, 'School De Oosterenk', 27, '8023 DJ', NULL, NULL),
(95, 'Wijkcentrum Bestevaer', 28, '8023 TP', NULL, NULL),
(96, 'Sportservice Zwolle', 29, '8023 BL', NULL, NULL),
(97, 'Sportpark HTC', 30, '8034 PC', NULL, NULL),
(98, 'Woonzorgcentrum Berkumstede', 31, '8024 CS', NULL, NULL),
(99, 'Wijkcentrum De Weijenbelt', 32, '8024 BZ', NULL, NULL),
(100, 'Kulturhus Wijthmen', 33, '8026 PS', NULL, NULL),
(101, 'Woonzorgcentrum Westenhage', 34, '8042 AD', NULL, NULL),
(102, 'School De Ridderspoor', 35, '8042 HM', NULL, NULL),
(103, 'School De Schatkamer', 36, '8043 VL', NULL, NULL),
(104, 'Wijkcentrum S.I.O.', 37, '8014 AZ', NULL, NULL),
(105, 'School De Wingerd', 38, '8014 GM', NULL, NULL),
(106, 'School De Marshof', 39, '8014 LA', NULL, NULL),
(107, 'Gymzaal in De Marshof', 40, '8014 LA', NULL, NULL),
(108, 'Dorpshuis De Molenkamp', 41, '8015 PM', NULL, NULL),
(109, 'School De IJsselhof', 42, '8015 BX', NULL, NULL),
(110, 'Windesheim Hogeschool', 43, '8017 CA', NULL, NULL),
(111, 'School De Ark', 44, '8016 AX', NULL, NULL),
(112, 'Koningskerk', 45, '8016 ET', NULL, NULL),
(113, 'School De Ichthus', 46, '8017 AZ', NULL, NULL),
(114, 'Woonzorgcentrum De Kievitsbloem', 47, '8014 XP', NULL, NULL),
(115, 'IJsselheem locatie Werkeren', 48, '8043 LK', NULL, NULL),
(116, 'School De Krullevaar', 49, '8043 EA', NULL, NULL),
(117, 'Ontmoetingsruimte BVI', 50, '8015 BX', NULL, NULL),
(118, 'School De Phoenix', 51, '8017 PA', NULL, NULL),
(119, 'IJsselbolder', 52, '8016 BE', NULL, NULL),
(120, 'Disloc. De Zevensprong', 53, '8043 EA', NULL, NULL),
(121, 'Stedelijk Museum', 54, '8011 ML', NULL, NULL),
(122, 'Stadskantoor', 55, '8017 JZ', NULL, NULL),
(123, 'Woonzorgcentrum Het Zonnehuis', 56, '8043 WB', NULL, NULL),
(124, 'School Hilal', 57, '8031 VA', NULL, NULL),
(125, 'Geb. IJsvereniging WVF', 58, '8042 GC', NULL, NULL),
(126, 'Gymzaal van Het Mozaïek', 59, '8012 XG', NULL, NULL),
(127, 'Milligers', 60, '8043 ND', NULL, NULL),
(128, 'School De Octopus', 61, '8016 GB', NULL, NULL),
(129, 'School De Klokbeker', 62, '8014 BK', NULL, NULL),
(130, 'Wijkcentrum De Vlasakkers', 63, '8022 PZ', NULL, NULL),
(131, 'Recreatiezaal Parkzicht', 64, '8023 XT', NULL, NULL),
(132, 'Cultuurhuis Stadshagen', 65, '8043 LT', NULL, NULL),
(133, 'Sportpark De Verbinding', 66, '8001 BN', NULL, NULL),
(134, 'NS Station', 67, '8011 CW', NULL, NULL),
(135, 'Mobiel Stembureau', 68, '8017 JZ', NULL, NULL);

-- --------------------------------------------------------

--
-- Tabelstructuur voor tabel `stembureau_stats`
--

CREATE TABLE IF NOT EXISTS `stembureau_stats` (
  `verkiezing_id` int(11) NOT NULL,
  `stembureau_id` int(11) NOT NULL,
  `opgeroepen` int(11) DEFAULT NULL,
  `opkomst` int(11) DEFAULT NULL
) ENGINE=InnoDB DEFAULT CHARSET=latin1;

--
-- Gegevens worden geëxporteerd voor tabel `stembureau_stats`
--

INSERT INTO `stembureau_stats` (`verkiezing_id`, `stembureau_id`, `opgeroepen`, `opkomst`) VALUES
(1, 1, 1686, 1515),
(1, 2, 1734, 1294),
(1, 3, 1137, 629),
(1, 4, 1573, 1099),
(1, 5, 1465, 1485),
(1, 6, 1479, 1024),
(1, 7, 1326, 954),
(1, 9, 1766, 1195),
(1, 10, 1671, 875),
(1, 11, 1431, 1075),
(1, 12, 1563, 1115),
(1, 13, 1657, 997),
(1, 14, 1530, 1395),
(1, 15, 1568, 1551),
(1, 16, 1474, 803),
(1, 17, 1387, 791),
(1, 18, 1422, 890),
(1, 19, 1593, 809),
(1, 20, 1419, 1322),
(1, 21, 1507, 1224),
(1, 22, 1467, 1170),
(1, 23, 1186, 958),
(1, 24, 1425, 1145),
(1, 25, 1735, 1259),
(1, 26, 1353, 1002),
(1, 27, 1338, 849),
(1, 28, 1054, 1192),
(1, 29, 1205, 904),
(1, 30, 1413, 1050),
(1, 31, 962, 779),
(1, 32, 1626, 1341),
(1, 33, 1608, 1409),
(1, 34, 870, 646),
(1, 35, 1390, 1137),
(1, 36, 1103, 1027),
(1, 37, 1448, 1218),
(1, 38, 1601, 1533),
(1, 39, 1745, 1414),
(1, 40, 1423, 1006),
(1, 41, 1161, 889),
(1, 42, 506, 412),
(1, 43, 1371, 951),
(1, 44, 1359, 1231),
(1, 45, 1603, 1358),
(1, 46, 1522, 1077),
(1, 47, 1734, 1291),
(1, 48, 1709, 1263),
(1, 49, 1612, 1332),
(1, 50, 1551, 1089),
(1, 51, 1706, 1325),
(1, 52, 1393, 1281),
(1, 53, 1311, 1014),
(1, 54, 1629, 1194),
(1, 55, 1215, 973),
(1, 56, 841, 992),
(1, 57, 1764, 1405),
(1, 58, 1557, 683),
(1, 59, 1415, 939),
(1, 60, 1385, 1035),
(1, 61, 1654, 1185),
(1, 62, 1483, 1278),
(1, 63, 1426, 1043),
(1, 64, 1314, 732),
(1, 65, 1009, 699),
(1, 66, 1536, 1235),
(1, 67, 0, 1004),
(1, 68, 0, 170),
(3, 8, 1622, 1858),
(3, 69, 1730, 1441),
(3, 70, 1625, 873),
(3, 71, 1608, 1076),
(3, 72, 1530, 1762),
(3, 73, 1358, 933),
(3, 74, 1258, 982),
(3, 75, 1733, 1267),
(3, 76, 1135, 805),
(3, 77, 1593, 1226),
(3, 78, 1559, 1256),
(3, 79, 1649, 1072),
(3, 80, 1482, 1526),
(3, 81, 1428, 1045),
(3, 82, 1386, 1697),
(3, 83, 1537, 973),
(3, 84, 1660, 980),
(3, 85, 1596, 803),
(3, 86, 1423, 1360),
(3, 87, 1547, 1448),
(3, 88, 1356, 1352),
(3, 89, 1217, 891),
(3, 90, 1411, 1301),
(3, 91, 1724, 1327),
(3, 92, 1356, 1169),
(3, 93, 1294, 867),
(3, 94, 1228, 1341),
(3, 95, 1216, 987),
(3, 96, 1081, 975),
(3, 97, 1006, 837),
(3, 98, 1581, 1344),
(3, 99, 1617, 1542),
(3, 100, 920, 682),
(3, 101, 1638, 1285),
(3, 102, 1506, 1405),
(3, 103, 1866, 1470),
(3, 104, 1647, 1666),
(3, 105, 1723, 1465),
(3, 106, 1231, 672),
(3, 107, 1306, 1323),
(3, 108, 516, 455),
(3, 109, 1401, 1565),
(3, 110, 1360, 1366),
(3, 111, 1584, 1469),
(3, 112, 1493, 1182),
(3, 113, 1747, 1489),
(3, 114, 1643, 1417),
(3, 115, 1772, 1415),
(3, 116, 1539, 1046),
(3, 117, 1854, 974),
(3, 118, 1563, 1426),
(3, 119, 1445, 1200),
(3, 120, 1635, 1383),
(3, 121, 1591, 1313),
(3, 122, 824, 1156),
(3, 123, 1498, 1359),
(3, 124, 1441, 655),
(3, 125, 1491, 978),
(3, 126, 1406, 1169),
(3, 127, 1157, 1299),
(3, 128, 1402, 1276),
(3, 129, 1232, 991),
(3, 130, 1269, 798),
(3, 131, 1226, 809),
(3, 132, 1550, 1548),
(3, 133, 1684, 996),
(3, 134, 0, 1066),
(3, 135, 0, 206);

-- --------------------------------------------------------

--
-- Tabelstructuur voor tabel `stemmen_stembureau_per_partij`
--

CREATE TABLE IF NOT EXISTS `stemmen_stembureau_per_partij` (
  `verkiezing_id` int(11) NOT NULL,
  `stembureau_id` int(11) NOT NULL,
  `partij_id` int(11) NOT NULL,
  `stemmen_partij` int(11) DEFAULT NULL
) ENGINE=InnoDB DEFAULT CHARSET=latin1;

--
-- Gegevens worden geëxporteerd voor tabel `stemmen_stembureau_per_partij`
--

INSERT INTO `stemmen_stembureau_per_partij` (`verkiezing_id`, `stembureau_id`, `partij_id`, `stemmen_partij`) VALUES
(1, 1, 1, 417),
(1, 1, 2, 386),
(1, 1, 3, 46),
(1, 1, 4, 72),
(1, 1, 5, 114),
(1, 1, 6, 282),
(1, 1, 7, 58),
(1, 1, 8, 68),
(1, 1, 9, 9),
(1, 1, 10, 36),
(1, 1, 11, 6),
(1, 1, 12, 3),
(1, 1, 13, 0),
(1, 1, 14, 0),
(1, 1, 15, 0),
(1, 1, 16, 10),
(1, 1, 17, 1),
(1, 1, 18, 0),
(1, 1, 19, 4),
(1, 1, 20, 3),
(1, 2, 1, 403),
(1, 2, 2, 268),
(1, 2, 3, 45),
(1, 2, 4, 97),
(1, 2, 5, 88),
(1, 2, 6, 167),
(1, 2, 7, 56),
(1, 2, 8, 117),
(1, 2, 9, 7),
(1, 2, 10, 22),
(1, 2, 11, 5),
(1, 2, 12, 1),
(1, 2, 13, 0),
(1, 2, 14, 0),
(1, 2, 15, 0),
(1, 2, 16, 13),
(1, 2, 17, 0),
(1, 2, 18, 1),
(1, 2, 19, 2),
(1, 2, 20, 2),
(1, 3, 1, 74),
(1, 3, 2, 185),
(1, 3, 3, 77),
(1, 3, 4, 69),
(1, 3, 5, 64),
(1, 3, 6, 49),
(1, 3, 7, 18),
(1, 3, 8, 36),
(1, 3, 9, 5),
(1, 3, 10, 25),
(1, 3, 11, 10),
(1, 3, 12, 1),
(1, 3, 13, 1),
(1, 3, 14, 0),
(1, 3, 15, 2),
(1, 3, 16, 12),
(1, 3, 17, 0),
(1, 3, 18, 1),
(1, 3, 19, 0),
(1, 3, 20, 0),
(1, 4, 1, 211),
(1, 4, 2, 313),
(1, 4, 3, 26),
(1, 4, 4, 49),
(1, 4, 5, 93),
(1, 4, 6, 186),
(1, 4, 7, 65),
(1, 4, 8, 102),
(1, 4, 9, 6),
(1, 4, 10, 29),
(1, 4, 11, 11),
(1, 4, 12, 1),
(1, 4, 13, 0),
(1, 4, 14, 0),
(1, 4, 15, 0),
(1, 4, 16, 4),
(1, 4, 17, 0),
(1, 4, 18, 0),
(1, 4, 19, 3),
(1, 4, 20, 0),
(1, 5, 1, 179),
(1, 5, 2, 493),
(1, 5, 3, 46),
(1, 5, 4, 40),
(1, 5, 5, 197),
(1, 5, 6, 204),
(1, 5, 7, 96),
(1, 5, 8, 142),
(1, 5, 9, 9),
(1, 5, 10, 50),
(1, 5, 11, 7),
(1, 5, 12, 6),
(1, 5, 13, 1),
(1, 5, 14, 1),
(1, 5, 15, 0),
(1, 5, 16, 10),
(1, 5, 17, 0),
(1, 5, 18, 0),
(1, 5, 19, 4),
(1, 5, 20, 0),
(1, 6, 1, 135),
(1, 6, 2, 326),
(1, 6, 3, 53),
(1, 6, 4, 53),
(1, 6, 5, 119),
(1, 6, 6, 125),
(1, 6, 7, 69),
(1, 6, 8, 91),
(1, 6, 9, 3),
(1, 6, 10, 32),
(1, 6, 11, 5),
(1, 6, 12, 3),
(1, 6, 13, 0),
(1, 6, 14, 0),
(1, 6, 15, 0),
(1, 6, 16, 7),
(1, 6, 17, 0),
(1, 6, 18, 0),
(1, 6, 19, 3),
(1, 6, 20, 0),
(1, 7, 1, 125),
(1, 7, 2, 328),
(1, 7, 3, 52),
(1, 7, 4, 80),
(1, 7, 5, 99),
(1, 7, 6, 91),
(1, 7, 7, 43),
(1, 7, 8, 82),
(1, 7, 9, 8),
(1, 7, 10, 28),
(1, 7, 11, 6),
(1, 7, 12, 4),
(1, 7, 13, 0),
(1, 7, 14, 1),
(1, 7, 15, 1),
(1, 7, 16, 4),
(1, 7, 17, 0),
(1, 7, 18, 0),
(1, 7, 19, 2),
(1, 7, 20, 0),
(1, 9, 1, 133),
(1, 9, 2, 408),
(1, 9, 3, 97),
(1, 9, 4, 45),
(1, 9, 5, 191),
(1, 9, 6, 92),
(1, 9, 7, 51),
(1, 9, 8, 109),
(1, 9, 9, 10),
(1, 9, 10, 36),
(1, 9, 11, 6),
(1, 9, 12, 6),
(1, 9, 13, 0),
(1, 9, 14, 0),
(1, 9, 15, 0),
(1, 9, 16, 8),
(1, 9, 17, 0),
(1, 9, 18, 0),
(1, 9, 19, 2),
(1, 9, 20, 1),
(1, 10, 1, 376),
(1, 10, 2, 189),
(1, 10, 3, 33),
(1, 10, 4, 57),
(1, 10, 5, 34),
(1, 10, 6, 81),
(1, 10, 7, 17),
(1, 10, 8, 69),
(1, 10, 9, 2),
(1, 10, 10, 6),
(1, 10, 11, 2),
(1, 10, 12, 2),
(1, 10, 13, 0),
(1, 10, 14, 1),
(1, 10, 15, 0),
(1, 10, 16, 5),
(1, 10, 17, 0),
(1, 10, 18, 0),
(1, 10, 19, 1),
(1, 10, 20, 0),
(1, 11, 1, 223),
(1, 11, 2, 320),
(1, 11, 3, 53),
(1, 11, 4, 73),
(1, 11, 5, 82),
(1, 11, 6, 137),
(1, 11, 7, 40),
(1, 11, 8, 80),
(1, 11, 9, 11),
(1, 11, 10, 22),
(1, 11, 11, 4),
(1, 11, 12, 5),
(1, 11, 13, 0),
(1, 11, 14, 0),
(1, 11, 15, 0),
(1, 11, 16, 19),
(1, 11, 17, 0),
(1, 11, 18, 1),
(1, 11, 19, 5),
(1, 11, 20, 0),
(1, 12, 1, 132),
(1, 12, 2, 448),
(1, 12, 3, 95),
(1, 12, 4, 65),
(1, 12, 5, 129),
(1, 12, 6, 80),
(1, 12, 7, 42),
(1, 12, 8, 72),
(1, 12, 9, 9),
(1, 12, 10, 20),
(1, 12, 11, 4),
(1, 12, 12, 0),
(1, 12, 13, 0),
(1, 12, 14, 0),
(1, 12, 15, 1),
(1, 12, 16, 13),
(1, 12, 17, 1),
(1, 12, 18, 1),
(1, 12, 19, 1),
(1, 12, 20, 2),
(1, 13, 1, 126),
(1, 13, 2, 352),
(1, 13, 3, 66),
(1, 13, 4, 53),
(1, 13, 5, 120),
(1, 13, 6, 78),
(1, 13, 7, 31),
(1, 13, 8, 119),
(1, 13, 9, 7),
(1, 13, 10, 22),
(1, 13, 11, 4),
(1, 13, 12, 3),
(1, 13, 13, 1),
(1, 13, 14, 0),
(1, 13, 15, 1),
(1, 13, 16, 12),
(1, 13, 17, 0),
(1, 13, 18, 0),
(1, 13, 19, 2),
(1, 13, 20, 0),
(1, 14, 1, 347),
(1, 14, 2, 365),
(1, 14, 3, 80),
(1, 14, 4, 97),
(1, 14, 5, 90),
(1, 14, 6, 112),
(1, 14, 7, 23),
(1, 14, 8, 216),
(1, 14, 9, 27),
(1, 14, 10, 15),
(1, 14, 11, 4),
(1, 14, 12, 2),
(1, 14, 13, 0),
(1, 14, 14, 0),
(1, 14, 15, 1),
(1, 14, 16, 15),
(1, 14, 17, 0),
(1, 14, 18, 0),
(1, 14, 19, 1),
(1, 14, 20, 0),
(1, 15, 1, 265),
(1, 15, 2, 497),
(1, 15, 3, 95),
(1, 15, 4, 91),
(1, 15, 5, 172),
(1, 15, 6, 128),
(1, 15, 7, 52),
(1, 15, 8, 176),
(1, 15, 9, 6),
(1, 15, 10, 26),
(1, 15, 11, 9),
(1, 15, 12, 2),
(1, 15, 13, 2),
(1, 15, 14, 1),
(1, 15, 15, 1),
(1, 15, 16, 17),
(1, 15, 17, 0),
(1, 15, 18, 0),
(1, 15, 19, 6),
(1, 15, 20, 5),
(1, 16, 1, 88),
(1, 16, 2, 276),
(1, 16, 3, 67),
(1, 16, 4, 43),
(1, 16, 5, 119),
(1, 16, 6, 44),
(1, 16, 7, 28),
(1, 16, 8, 86),
(1, 16, 9, 15),
(1, 16, 10, 18),
(1, 16, 11, 8),
(1, 16, 12, 2),
(1, 16, 13, 0),
(1, 16, 14, 0),
(1, 16, 15, 1),
(1, 16, 16, 6),
(1, 16, 17, 0),
(1, 16, 18, 0),
(1, 16, 19, 2),
(1, 16, 20, 0),
(1, 17, 1, 57),
(1, 17, 2, 347),
(1, 17, 3, 69),
(1, 17, 4, 21),
(1, 17, 5, 117),
(1, 17, 6, 38),
(1, 17, 7, 13),
(1, 17, 8, 81),
(1, 17, 9, 13),
(1, 17, 10, 13),
(1, 17, 11, 3),
(1, 17, 12, 1),
(1, 17, 13, 0),
(1, 17, 14, 0),
(1, 17, 15, 0),
(1, 17, 16, 16),
(1, 17, 17, 0),
(1, 17, 18, 0),
(1, 17, 19, 1),
(1, 17, 20, 1),
(1, 18, 1, 125),
(1, 18, 2, 318),
(1, 18, 3, 99),
(1, 18, 4, 65),
(1, 18, 5, 81),
(1, 18, 6, 34),
(1, 18, 7, 15),
(1, 18, 8, 108),
(1, 18, 9, 6),
(1, 18, 10, 23),
(1, 18, 11, 1),
(1, 18, 12, 0),
(1, 18, 13, 1),
(1, 18, 14, 0),
(1, 18, 15, 1),
(1, 18, 16, 9),
(1, 18, 17, 0),
(1, 18, 18, 1),
(1, 18, 19, 2),
(1, 18, 20, 1),
(1, 19, 1, 141),
(1, 19, 2, 283),
(1, 19, 3, 49),
(1, 19, 4, 67),
(1, 19, 5, 82),
(1, 19, 6, 57),
(1, 19, 7, 16),
(1, 19, 8, 65),
(1, 19, 9, 10),
(1, 19, 10, 16),
(1, 19, 11, 3),
(1, 19, 12, 0),
(1, 19, 13, 0),
(1, 19, 14, 0),
(1, 19, 15, 1),
(1, 19, 16, 18),
(1, 19, 17, 0),
(1, 19, 18, 0),
(1, 19, 19, 1),
(1, 19, 20, 0),
(1, 20, 1, 254),
(1, 20, 2, 415),
(1, 20, 3, 95),
(1, 20, 4, 101),
(1, 20, 5, 117),
(1, 20, 6, 127),
(1, 20, 7, 42),
(1, 20, 8, 112),
(1, 20, 9, 11),
(1, 20, 10, 15),
(1, 20, 11, 4),
(1, 20, 12, 1),
(1, 20, 13, 0),
(1, 20, 14, 0),
(1, 20, 15, 4),
(1, 20, 16, 21),
(1, 20, 17, 0),
(1, 20, 18, 0),
(1, 20, 19, 0),
(1, 20, 20, 3),
(1, 21, 1, 219),
(1, 21, 2, 403),
(1, 21, 3, 91),
(1, 21, 4, 77),
(1, 21, 5, 120),
(1, 21, 6, 106),
(1, 21, 7, 40),
(1, 21, 8, 100),
(1, 21, 9, 11),
(1, 21, 10, 29),
(1, 21, 11, 3),
(1, 21, 12, 7),
(1, 21, 13, 0),
(1, 21, 14, 1),
(1, 21, 15, 0),
(1, 21, 16, 17),
(1, 21, 17, 0),
(1, 21, 18, 0),
(1, 21, 19, 0),
(1, 21, 20, 0),
(1, 22, 1, 170),
(1, 22, 2, 447),
(1, 22, 3, 64),
(1, 22, 4, 67),
(1, 22, 5, 121),
(1, 22, 6, 112),
(1, 22, 7, 39),
(1, 22, 8, 103),
(1, 22, 9, 5),
(1, 22, 10, 13),
(1, 22, 11, 4),
(1, 22, 12, 4),
(1, 22, 13, 0),
(1, 22, 14, 0),
(1, 22, 15, 0),
(1, 22, 16, 18),
(1, 22, 17, 0),
(1, 22, 18, 0),
(1, 22, 19, 2),
(1, 22, 20, 1),
(1, 23, 1, 135),
(1, 23, 2, 349),
(1, 23, 3, 61),
(1, 23, 4, 66),
(1, 23, 5, 114),
(1, 23, 6, 76),
(1, 23, 7, 30),
(1, 23, 8, 84),
(1, 23, 9, 8),
(1, 23, 10, 16),
(1, 23, 11, 5),
(1, 23, 12, 3),
(1, 23, 13, 1),
(1, 23, 14, 0),
(1, 23, 15, 1),
(1, 23, 16, 8),
(1, 23, 17, 0),
(1, 23, 18, 0),
(1, 23, 19, 1),
(1, 23, 20, 0),
(1, 24, 1, 169),
(1, 24, 2, 395),
(1, 24, 3, 57),
(1, 24, 4, 117),
(1, 24, 5, 130),
(1, 24, 6, 100),
(1, 24, 7, 36),
(1, 24, 8, 84),
(1, 24, 9, 10),
(1, 24, 10, 22),
(1, 24, 11, 2),
(1, 24, 12, 6),
(1, 24, 13, 0),
(1, 24, 14, 0),
(1, 24, 15, 0),
(1, 24, 16, 15),
(1, 24, 17, 0),
(1, 24, 18, 0),
(1, 24, 19, 1),
(1, 24, 20, 1),
(1, 25, 1, 184),
(1, 25, 2, 433),
(1, 25, 3, 127),
(1, 25, 4, 84),
(1, 25, 5, 128),
(1, 25, 6, 107),
(1, 25, 7, 26),
(1, 25, 8, 109),
(1, 25, 9, 11),
(1, 25, 10, 21),
(1, 25, 11, 4),
(1, 25, 12, 3),
(1, 25, 13, 0),
(1, 25, 14, 1),
(1, 25, 15, 1),
(1, 25, 16, 20),
(1, 25, 17, 0),
(1, 25, 18, 0),
(1, 25, 19, 0),
(1, 25, 20, 0),
(1, 26, 1, 154),
(1, 26, 2, 288),
(1, 26, 3, 73),
(1, 26, 4, 65),
(1, 26, 5, 122),
(1, 26, 6, 87),
(1, 26, 7, 32),
(1, 26, 8, 104),
(1, 26, 9, 15),
(1, 26, 10, 26),
(1, 26, 11, 11),
(1, 26, 12, 3),
(1, 26, 13, 0),
(1, 26, 14, 0),
(1, 26, 15, 0),
(1, 26, 16, 15),
(1, 26, 17, 0),
(1, 26, 18, 0),
(1, 26, 19, 5),
(1, 26, 20, 2),
(1, 27, 1, 104),
(1, 27, 2, 237),
(1, 27, 3, 58),
(1, 27, 4, 49),
(1, 27, 5, 143),
(1, 27, 6, 66),
(1, 27, 7, 31),
(1, 27, 8, 104),
(1, 27, 9, 13),
(1, 27, 10, 27),
(1, 27, 11, 2),
(1, 27, 12, 1),
(1, 27, 13, 0),
(1, 27, 14, 1),
(1, 27, 15, 0),
(1, 27, 16, 10),
(1, 27, 17, 0),
(1, 27, 18, 0),
(1, 27, 19, 2),
(1, 27, 20, 1),
(1, 28, 1, 296),
(1, 28, 2, 337),
(1, 28, 3, 29),
(1, 28, 4, 103),
(1, 28, 5, 70),
(1, 28, 6, 186),
(1, 28, 7, 54),
(1, 28, 8, 78),
(1, 28, 9, 4),
(1, 28, 10, 20),
(1, 28, 11, 3),
(1, 28, 12, 2),
(1, 28, 13, 1),
(1, 28, 14, 0),
(1, 28, 15, 0),
(1, 28, 16, 9),
(1, 28, 17, 0),
(1, 28, 18, 0),
(1, 28, 19, 0),
(1, 28, 20, 0),
(1, 29, 1, 152),
(1, 29, 2, 281),
(1, 29, 3, 73),
(1, 29, 4, 41),
(1, 29, 5, 89),
(1, 29, 6, 80),
(1, 29, 7, 36),
(1, 29, 8, 96),
(1, 29, 9, 2),
(1, 29, 10, 24),
(1, 29, 11, 9),
(1, 29, 12, 1),
(1, 29, 13, 0),
(1, 29, 14, 2),
(1, 29, 15, 0),
(1, 29, 16, 13),
(1, 29, 17, 1),
(1, 29, 18, 0),
(1, 29, 19, 2),
(1, 29, 20, 2),
(1, 30, 1, 304),
(1, 30, 2, 274),
(1, 30, 3, 38),
(1, 30, 4, 95),
(1, 30, 5, 70),
(1, 30, 6, 120),
(1, 30, 7, 33),
(1, 30, 8, 74),
(1, 30, 9, 6),
(1, 30, 10, 25),
(1, 30, 11, 1),
(1, 30, 12, 2),
(1, 30, 13, 0),
(1, 30, 14, 0),
(1, 30, 15, 0),
(1, 30, 16, 8),
(1, 30, 17, 0),
(1, 30, 18, 0),
(1, 30, 19, 0),
(1, 30, 20, 0),
(1, 31, 1, 311),
(1, 31, 2, 98),
(1, 31, 3, 23),
(1, 31, 4, 98),
(1, 31, 5, 18),
(1, 31, 6, 75),
(1, 31, 7, 13),
(1, 31, 8, 83),
(1, 31, 9, 53),
(1, 31, 10, 2),
(1, 31, 11, 0),
(1, 31, 12, 0),
(1, 31, 13, 0),
(1, 31, 14, 0),
(1, 31, 15, 1),
(1, 31, 16, 4),
(1, 31, 17, 0),
(1, 31, 18, 0),
(1, 31, 19, 0),
(1, 31, 20, 0),
(1, 32, 1, 323),
(1, 32, 2, 277),
(1, 32, 3, 57),
(1, 32, 4, 211),
(1, 32, 5, 77),
(1, 32, 6, 99),
(1, 32, 7, 17),
(1, 32, 8, 203),
(1, 32, 9, 27),
(1, 32, 10, 21),
(1, 32, 11, 3),
(1, 32, 12, 5),
(1, 32, 13, 0),
(1, 32, 14, 0),
(1, 32, 15, 0),
(1, 32, 16, 18),
(1, 32, 17, 0),
(1, 32, 18, 0),
(1, 32, 19, 3),
(1, 32, 20, 0),
(1, 33, 1, 373),
(1, 33, 2, 280),
(1, 33, 3, 81),
(1, 33, 4, 213),
(1, 33, 5, 85),
(1, 33, 6, 119),
(1, 33, 7, 29),
(1, 33, 8, 152),
(1, 33, 9, 21),
(1, 33, 10, 26),
(1, 33, 11, 3),
(1, 33, 12, 2),
(1, 33, 13, 0),
(1, 33, 14, 0),
(1, 33, 15, 3),
(1, 33, 16, 22),
(1, 33, 17, 0),
(1, 33, 18, 0),
(1, 33, 19, 0),
(1, 33, 20, 0),
(1, 34, 1, 171),
(1, 34, 2, 121),
(1, 34, 3, 39),
(1, 34, 4, 147),
(1, 34, 5, 37),
(1, 34, 6, 39),
(1, 34, 7, 12),
(1, 34, 8, 47),
(1, 34, 9, 10),
(1, 34, 10, 9),
(1, 34, 11, 0),
(1, 34, 12, 4),
(1, 34, 13, 0),
(1, 34, 14, 0),
(1, 34, 15, 0),
(1, 34, 16, 9),
(1, 34, 17, 0),
(1, 34, 18, 1),
(1, 34, 19, 0),
(1, 34, 20, 0),
(1, 35, 1, 232),
(1, 35, 2, 268),
(1, 35, 3, 70),
(1, 35, 4, 158),
(1, 35, 5, 99),
(1, 35, 6, 76),
(1, 35, 7, 25),
(1, 35, 8, 134),
(1, 35, 9, 30),
(1, 35, 10, 13),
(1, 35, 11, 3),
(1, 35, 12, 3),
(1, 35, 13, 0),
(1, 35, 14, 0),
(1, 35, 15, 0),
(1, 35, 16, 22),
(1, 35, 17, 0),
(1, 35, 18, 0),
(1, 35, 19, 3),
(1, 35, 20, 1),
(1, 36, 1, 182),
(1, 36, 2, 340),
(1, 36, 3, 89),
(1, 36, 4, 78),
(1, 36, 5, 93),
(1, 36, 6, 80),
(1, 36, 7, 20),
(1, 36, 8, 93),
(1, 36, 9, 20),
(1, 36, 10, 15),
(1, 36, 11, 3),
(1, 36, 12, 0),
(1, 36, 13, 0),
(1, 36, 14, 0),
(1, 36, 15, 0),
(1, 36, 16, 12),
(1, 36, 17, 0),
(1, 36, 18, 0),
(1, 36, 19, 2),
(1, 36, 20, 0),
(1, 37, 1, 328),
(1, 37, 2, 360),
(1, 37, 3, 80),
(1, 37, 4, 74),
(1, 37, 5, 96),
(1, 37, 6, 99),
(1, 37, 7, 32),
(1, 37, 8, 117),
(1, 37, 9, 3),
(1, 37, 10, 12),
(1, 37, 11, 5),
(1, 37, 12, 4),
(1, 37, 13, 1),
(1, 37, 14, 0),
(1, 37, 15, 0),
(1, 37, 16, 7),
(1, 37, 17, 0),
(1, 37, 18, 0),
(1, 37, 19, 0),
(1, 37, 20, 0),
(1, 38, 1, 249),
(1, 38, 2, 452),
(1, 38, 3, 103),
(1, 38, 4, 146),
(1, 38, 5, 139),
(1, 38, 6, 108),
(1, 38, 7, 49),
(1, 38, 8, 202),
(1, 38, 9, 29),
(1, 38, 10, 27),
(1, 38, 11, 3),
(1, 38, 12, 0),
(1, 38, 13, 0),
(1, 38, 14, 0),
(1, 38, 15, 0),
(1, 38, 16, 25),
(1, 38, 17, 0),
(1, 38, 18, 0),
(1, 38, 19, 1),
(1, 38, 20, 0),
(1, 39, 1, 226),
(1, 39, 2, 442),
(1, 39, 3, 67),
(1, 39, 4, 105),
(1, 39, 5, 153),
(1, 39, 6, 126),
(1, 39, 7, 47),
(1, 39, 8, 173),
(1, 39, 9, 23),
(1, 39, 10, 17),
(1, 39, 11, 5),
(1, 39, 12, 1),
(1, 39, 13, 0),
(1, 39, 14, 0),
(1, 39, 15, 0),
(1, 39, 16, 25),
(1, 39, 17, 2),
(1, 39, 18, 0),
(1, 39, 19, 2),
(1, 39, 20, 0),
(1, 40, 1, 156),
(1, 40, 2, 305),
(1, 40, 3, 73),
(1, 40, 4, 49),
(1, 40, 5, 153),
(1, 40, 6, 78),
(1, 40, 7, 25),
(1, 40, 8, 117),
(1, 40, 9, 7),
(1, 40, 10, 24),
(1, 40, 11, 1),
(1, 40, 12, 2),
(1, 40, 13, 0),
(1, 40, 14, 0),
(1, 40, 15, 0),
(1, 40, 16, 14),
(1, 40, 17, 0),
(1, 40, 18, 0),
(1, 40, 19, 1),
(1, 40, 20, 1),
(1, 41, 1, 166),
(1, 41, 2, 257),
(1, 41, 3, 63),
(1, 41, 4, 73),
(1, 41, 5, 89),
(1, 41, 6, 68),
(1, 41, 7, 32),
(1, 41, 8, 94),
(1, 41, 9, 13),
(1, 41, 10, 16),
(1, 41, 11, 5),
(1, 41, 12, 1),
(1, 41, 13, 0),
(1, 41, 14, 1),
(1, 41, 15, 0),
(1, 41, 16, 11),
(1, 41, 17, 0),
(1, 41, 18, 0),
(1, 41, 19, 0),
(1, 41, 20, 0),
(1, 42, 1, 118),
(1, 42, 2, 104),
(1, 42, 3, 18),
(1, 42, 4, 58),
(1, 42, 5, 26),
(1, 42, 6, 24),
(1, 42, 7, 9),
(1, 42, 8, 42),
(1, 42, 9, 1),
(1, 42, 10, 4),
(1, 42, 11, 0),
(1, 42, 12, 1),
(1, 42, 13, 0),
(1, 42, 14, 1),
(1, 42, 15, 0),
(1, 42, 16, 3),
(1, 42, 17, 0),
(1, 42, 18, 0),
(1, 42, 19, 3),
(1, 42, 20, 0),
(1, 43, 1, 141),
(1, 43, 2, 294),
(1, 43, 3, 83),
(1, 43, 4, 51),
(1, 43, 5, 123),
(1, 43, 6, 55),
(1, 43, 7, 26),
(1, 43, 8, 129),
(1, 43, 9, 12),
(1, 43, 10, 11),
(1, 43, 11, 4),
(1, 43, 12, 7),
(1, 43, 13, 1),
(1, 43, 14, 0),
(1, 43, 15, 0),
(1, 43, 16, 7),
(1, 43, 17, 0),
(1, 43, 18, 3),
(1, 43, 19, 3),
(1, 43, 20, 1),
(1, 44, 1, 210),
(1, 44, 2, 340),
(1, 44, 3, 35),
(1, 44, 4, 99),
(1, 44, 5, 122),
(1, 44, 6, 170),
(1, 44, 7, 58),
(1, 44, 8, 140),
(1, 44, 9, 7),
(1, 44, 10, 21),
(1, 44, 11, 9),
(1, 44, 12, 0),
(1, 44, 13, 0),
(1, 44, 14, 1),
(1, 44, 15, 0),
(1, 44, 16, 16),
(1, 44, 17, 0),
(1, 44, 18, 0),
(1, 44, 19, 3),
(1, 44, 20, 0),
(1, 45, 1, 270),
(1, 45, 2, 405),
(1, 45, 3, 90),
(1, 45, 4, 95),
(1, 45, 5, 140),
(1, 45, 6, 128),
(1, 45, 7, 43),
(1, 45, 8, 138),
(1, 45, 9, 4),
(1, 45, 10, 18),
(1, 45, 11, 8),
(1, 45, 12, 1),
(1, 45, 13, 0),
(1, 45, 14, 0),
(1, 45, 15, 3),
(1, 45, 16, 13),
(1, 45, 17, 0),
(1, 45, 18, 1),
(1, 45, 19, 1),
(1, 45, 20, 0),
(1, 46, 1, 176),
(1, 46, 2, 300),
(1, 46, 3, 87),
(1, 46, 4, 89),
(1, 46, 5, 101),
(1, 46, 6, 90),
(1, 46, 7, 20),
(1, 46, 8, 152),
(1, 46, 9, 21),
(1, 46, 10, 19),
(1, 46, 11, 3),
(1, 46, 12, 2),
(1, 46, 13, 0),
(1, 46, 14, 0),
(1, 46, 15, 0),
(1, 46, 16, 10),
(1, 46, 17, 0),
(1, 46, 18, 0),
(1, 46, 19, 6),
(1, 46, 20, 1),
(1, 47, 1, 237),
(1, 47, 2, 368),
(1, 47, 3, 86),
(1, 47, 4, 132),
(1, 47, 5, 91),
(1, 47, 6, 133),
(1, 47, 7, 42),
(1, 47, 8, 151),
(1, 47, 9, 15),
(1, 47, 10, 13),
(1, 47, 11, 4),
(1, 47, 12, 0),
(1, 47, 13, 0),
(1, 47, 14, 1),
(1, 47, 15, 0),
(1, 47, 16, 14),
(1, 47, 17, 1),
(1, 47, 18, 0),
(1, 47, 19, 2),
(1, 47, 20, 1),
(1, 48, 1, 190),
(1, 48, 2, 411),
(1, 48, 3, 103),
(1, 48, 4, 135),
(1, 48, 5, 134),
(1, 48, 6, 79),
(1, 48, 7, 20),
(1, 48, 8, 130),
(1, 48, 9, 16),
(1, 48, 10, 14),
(1, 48, 11, 3),
(1, 48, 12, 1),
(1, 48, 13, 0),
(1, 48, 14, 0),
(1, 48, 15, 1),
(1, 48, 16, 22),
(1, 48, 17, 0),
(1, 48, 18, 1),
(1, 48, 19, 3),
(1, 48, 20, 0),
(1, 49, 1, 316),
(1, 49, 2, 370),
(1, 49, 3, 80),
(1, 49, 4, 83),
(1, 49, 5, 113),
(1, 49, 6, 98),
(1, 49, 7, 45),
(1, 49, 8, 169),
(1, 49, 9, 8),
(1, 49, 10, 17),
(1, 49, 11, 5),
(1, 49, 12, 1),
(1, 49, 13, 0),
(1, 49, 14, 0),
(1, 49, 15, 1),
(1, 49, 16, 23),
(1, 49, 17, 0),
(1, 49, 18, 0),
(1, 49, 19, 2),
(1, 49, 20, 1),
(1, 50, 1, 240),
(1, 50, 2, 341),
(1, 50, 3, 67),
(1, 50, 4, 61),
(1, 50, 5, 118),
(1, 50, 6, 66),
(1, 50, 7, 22),
(1, 50, 8, 133),
(1, 50, 9, 7),
(1, 50, 10, 12),
(1, 50, 11, 3),
(1, 50, 12, 3),
(1, 50, 13, 1),
(1, 50, 14, 0),
(1, 50, 15, 0),
(1, 50, 16, 12),
(1, 50, 17, 0),
(1, 50, 18, 0),
(1, 50, 19, 3),
(1, 50, 20, 0),
(1, 51, 1, 267),
(1, 51, 2, 407),
(1, 51, 3, 75),
(1, 51, 4, 102),
(1, 51, 5, 114),
(1, 51, 6, 114),
(1, 51, 7, 30),
(1, 51, 8, 157),
(1, 51, 9, 9),
(1, 51, 10, 14),
(1, 51, 11, 8),
(1, 51, 12, 1),
(1, 51, 13, 0),
(1, 51, 14, 0),
(1, 51, 15, 1),
(1, 51, 16, 22),
(1, 51, 17, 0),
(1, 51, 18, 0),
(1, 51, 19, 3),
(1, 51, 20, 1),
(1, 52, 1, 275),
(1, 52, 2, 379),
(1, 52, 3, 70),
(1, 52, 4, 125),
(1, 52, 5, 110),
(1, 52, 6, 107),
(1, 52, 7, 34),
(1, 52, 8, 120),
(1, 52, 9, 8),
(1, 52, 10, 17),
(1, 52, 11, 5),
(1, 52, 12, 3),
(1, 52, 13, 0),
(1, 52, 14, 0),
(1, 52, 15, 0),
(1, 52, 16, 27),
(1, 52, 17, 0),
(1, 52, 18, 0),
(1, 52, 19, 0),
(1, 52, 20, 1),
(1, 53, 1, 189),
(1, 53, 2, 317),
(1, 53, 3, 46),
(1, 53, 4, 63),
(1, 53, 5, 101),
(1, 53, 6, 96),
(1, 53, 7, 38),
(1, 53, 8, 110),
(1, 53, 9, 5),
(1, 53, 10, 23),
(1, 53, 11, 4),
(1, 53, 12, 2),
(1, 53, 13, 1),
(1, 53, 14, 1),
(1, 53, 15, 1),
(1, 53, 16, 13),
(1, 53, 17, 1),
(1, 53, 18, 0),
(1, 53, 19, 2),
(1, 53, 20, 1),
(1, 54, 1, 282),
(1, 54, 2, 373),
(1, 54, 3, 55),
(1, 54, 4, 73),
(1, 54, 5, 94),
(1, 54, 6, 126),
(1, 54, 7, 18),
(1, 54, 8, 123),
(1, 54, 9, 13),
(1, 54, 10, 17),
(1, 54, 11, 4),
(1, 54, 12, 1),
(1, 54, 13, 0),
(1, 54, 14, 0),
(1, 54, 15, 0),
(1, 54, 16, 13),
(1, 54, 17, 0),
(1, 54, 18, 0),
(1, 54, 19, 1),
(1, 54, 20, 1),
(1, 55, 1, 226),
(1, 55, 2, 274),
(1, 55, 3, 32),
(1, 55, 4, 38),
(1, 55, 5, 95),
(1, 55, 6, 150),
(1, 55, 7, 50),
(1, 55, 8, 57),
(1, 55, 9, 6),
(1, 55, 10, 19),
(1, 55, 11, 6),
(1, 55, 12, 4),
(1, 55, 13, 0),
(1, 55, 14, 1),
(1, 55, 15, 0),
(1, 55, 16, 9),
(1, 55, 17, 1),
(1, 55, 18, 0),
(1, 55, 19, 4),
(1, 55, 20, 1),
(1, 56, 1, 202),
(1, 56, 2, 296),
(1, 56, 3, 45),
(1, 56, 4, 62),
(1, 56, 5, 89),
(1, 56, 6, 139),
(1, 56, 7, 43),
(1, 56, 8, 63),
(1, 56, 9, 9),
(1, 56, 10, 20),
(1, 56, 11, 2),
(1, 56, 12, 7),
(1, 56, 13, 0),
(1, 56, 14, 1),
(1, 56, 15, 0),
(1, 56, 16, 12),
(1, 56, 17, 0),
(1, 56, 18, 0),
(1, 56, 19, 1),
(1, 56, 20, 1),
(1, 57, 1, 409),
(1, 57, 2, 318),
(1, 57, 3, 88),
(1, 57, 4, 127),
(1, 57, 5, 87),
(1, 57, 6, 117),
(1, 57, 7, 27),
(1, 57, 8, 177),
(1, 57, 9, 22),
(1, 57, 10, 8),
(1, 57, 11, 5),
(1, 57, 12, 1),
(1, 57, 13, 0),
(1, 57, 14, 0),
(1, 57, 15, 0),
(1, 57, 16, 19),
(1, 57, 17, 0),
(1, 57, 18, 0),
(1, 57, 19, 0),
(1, 57, 20, 0),
(1, 58, 1, 87),
(1, 58, 2, 234),
(1, 58, 3, 58),
(1, 58, 4, 24),
(1, 58, 5, 99),
(1, 58, 6, 35),
(1, 58, 7, 20),
(1, 58, 8, 79),
(1, 58, 9, 13),
(1, 58, 10, 19),
(1, 58, 11, 3),
(1, 58, 12, 1),
(1, 58, 13, 0),
(1, 58, 14, 0),
(1, 58, 15, 0),
(1, 58, 16, 6),
(1, 58, 17, 0),
(1, 58, 18, 2),
(1, 58, 19, 2),
(1, 58, 20, 1),
(1, 59, 1, 181),
(1, 59, 2, 271),
(1, 59, 3, 46),
(1, 59, 4, 111),
(1, 59, 5, 71),
(1, 59, 6, 82),
(1, 59, 7, 19),
(1, 59, 8, 119),
(1, 59, 9, 13),
(1, 59, 10, 13),
(1, 59, 11, 3),
(1, 59, 12, 2),
(1, 59, 13, 0),
(1, 59, 14, 0),
(1, 59, 15, 0),
(1, 59, 16, 8),
(1, 59, 17, 0),
(1, 59, 18, 0),
(1, 59, 19, 0),
(1, 59, 20, 0),
(1, 60, 1, 185),
(1, 60, 2, 304),
(1, 60, 3, 59),
(1, 60, 4, 69),
(1, 60, 5, 103),
(1, 60, 6, 130),
(1, 60, 7, 36),
(1, 60, 8, 100),
(1, 60, 9, 7),
(1, 60, 10, 16),
(1, 60, 11, 5),
(1, 60, 12, 5),
(1, 60, 13, 0),
(1, 60, 14, 0),
(1, 60, 15, 0),
(1, 60, 16, 16),
(1, 60, 17, 0),
(1, 60, 18, 0),
(1, 60, 19, 0),
(1, 60, 20, 0),
(1, 61, 1, 320),
(1, 61, 2, 338),
(1, 61, 3, 91),
(1, 61, 4, 84),
(1, 61, 5, 108),
(1, 61, 6, 72),
(1, 61, 7, 21),
(1, 61, 8, 100),
(1, 61, 9, 8),
(1, 61, 10, 16),
(1, 61, 11, 7),
(1, 61, 12, 4),
(1, 61, 13, 0),
(1, 61, 14, 2),
(1, 61, 15, 1),
(1, 61, 16, 10),
(1, 61, 17, 0),
(1, 61, 18, 1),
(1, 61, 19, 2),
(1, 61, 20, 0),
(1, 62, 1, 264),
(1, 62, 2, 424),
(1, 62, 3, 59),
(1, 62, 4, 89),
(1, 62, 5, 118),
(1, 62, 6, 101),
(1, 62, 7, 41),
(1, 62, 8, 131),
(1, 62, 9, 14),
(1, 62, 10, 16),
(1, 62, 11, 1),
(1, 62, 12, 1),
(1, 62, 13, 0),
(1, 62, 14, 1),
(1, 62, 15, 0),
(1, 62, 16, 17),
(1, 62, 17, 0),
(1, 62, 18, 0),
(1, 62, 19, 1),
(1, 62, 20, 0),
(1, 63, 1, 243),
(1, 63, 2, 246),
(1, 63, 3, 61),
(1, 63, 4, 78),
(1, 63, 5, 78),
(1, 63, 6, 110),
(1, 63, 7, 40),
(1, 63, 8, 139),
(1, 63, 9, 15),
(1, 63, 10, 20),
(1, 63, 11, 1),
(1, 63, 12, 0),
(1, 63, 13, 0),
(1, 63, 14, 0),
(1, 63, 15, 0),
(1, 63, 16, 10),
(1, 63, 17, 0),
(1, 63, 18, 0),
(1, 63, 19, 1),
(1, 63, 20, 1),
(1, 64, 1, 109),
(1, 64, 2, 223),
(1, 64, 3, 71),
(1, 64, 4, 29),
(1, 64, 5, 109),
(1, 64, 6, 55),
(1, 64, 7, 21),
(1, 64, 8, 74),
(1, 64, 9, 3),
(1, 64, 10, 16),
(1, 64, 11, 2),
(1, 64, 12, 0),
(1, 64, 13, 0),
(1, 64, 14, 0),
(1, 64, 15, 0),
(1, 64, 16, 13),
(1, 64, 17, 0),
(1, 64, 18, 0),
(1, 64, 19, 5),
(1, 64, 20, 2),
(1, 65, 1, 132),
(1, 65, 2, 211),
(1, 65, 3, 46),
(1, 65, 4, 51),
(1, 65, 5, 81),
(1, 65, 6, 37),
(1, 65, 7, 23),
(1, 65, 8, 63),
(1, 65, 9, 21),
(1, 65, 10, 14),
(1, 65, 11, 4),
(1, 65, 12, 2),
(1, 65, 13, 0),
(1, 65, 14, 0),
(1, 65, 15, 0),
(1, 65, 16, 14),
(1, 65, 17, 0),
(1, 65, 18, 0),
(1, 65, 19, 0),
(1, 65, 20, 0),
(1, 66, 1, 342),
(1, 66, 2, 355),
(1, 66, 3, 65),
(1, 66, 4, 58),
(1, 66, 5, 73),
(1, 66, 6, 114),
(1, 66, 7, 30),
(1, 66, 8, 152),
(1, 66, 9, 4),
(1, 66, 10, 22),
(1, 66, 11, 3),
(1, 66, 12, 2),
(1, 66, 13, 0),
(1, 66, 14, 0),
(1, 66, 15, 0),
(1, 66, 16, 11),
(1, 66, 17, 0),
(1, 66, 18, 0),
(1, 66, 19, 4),
(1, 66, 20, 0),
(1, 67, 1, 150),
(1, 67, 2, 296),
(1, 67, 3, 39),
(1, 67, 4, 40),
(1, 67, 5, 115),
(1, 67, 6, 141),
(1, 67, 7, 61),
(1, 67, 8, 104),
(1, 67, 9, 8),
(1, 67, 10, 24),
(1, 67, 11, 10),
(1, 67, 12, 5),
(1, 67, 13, 1),
(1, 67, 14, 0),
(1, 67, 15, 0),
(1, 67, 16, 6),
(1, 67, 17, 0),
(1, 67, 18, 0),
(1, 67, 19, 2),
(1, 67, 20, 2),
(1, 68, 1, 22),
(1, 68, 2, 51),
(1, 68, 3, 14),
(1, 68, 4, 23),
(1, 68, 5, 11),
(1, 68, 6, 8),
(1, 68, 7, 5),
(1, 68, 8, 21),
(1, 68, 9, 5),
(1, 68, 10, 6),
(1, 68, 11, 0),
(1, 68, 12, 0),
(1, 68, 13, 0),
(1, 68, 14, 0),
(1, 68, 15, 0),
(1, 68, 16, 4),
(1, 68, 17, 0),
(1, 68, 18, 0),
(1, 68, 19, 0),
(1, 68, 20, 0),
(3, 8, 1, 448),
(3, 8, 2, 120),
(3, 8, 3, 57),
(3, 8, 4, 133),
(3, 8, 5, 101),
(3, 8, 6, 388),
(3, 8, 7, 314),
(3, 8, 8, 111),
(3, 8, 9, 8),
(3, 8, 10, 102),
(3, 8, 11, 9),
(3, 8, 16, 10),
(3, 8, 24, 0),
(3, 8, 25, 4),
(3, 8, 26, 6),
(3, 8, 27, 5),
(3, 8, 28, 36),
(3, 8, 29, 0),
(3, 8, 30, 1),
(3, 8, 31, 1),
(3, 8, 32, 1),
(3, 8, 33, 3),
(3, 8, 34, 0),
(3, 69, 1, 392),
(3, 69, 2, 85),
(3, 69, 3, 69),
(3, 69, 4, 179),
(3, 69, 5, 46),
(3, 69, 6, 257),
(3, 69, 7, 165),
(3, 69, 8, 143),
(3, 69, 9, 9),
(3, 69, 10, 38),
(3, 69, 11, 3),
(3, 69, 16, 24),
(3, 69, 24, 0),
(3, 69, 25, 6),
(3, 69, 26, 8),
(3, 69, 27, 3),
(3, 69, 28, 11),
(3, 69, 29, 0),
(3, 69, 30, 1),
(3, 69, 31, 1),
(3, 69, 32, 0),
(3, 69, 33, 1),
(3, 69, 34, 0),
(3, 70, 1, 118),
(3, 70, 2, 50),
(3, 70, 3, 135),
(3, 70, 4, 76),
(3, 70, 5, 77),
(3, 70, 6, 134),
(3, 70, 7, 121),
(3, 70, 8, 63),
(3, 70, 9, 8),
(3, 70, 10, 44),
(3, 70, 11, 10),
(3, 70, 16, 15),
(3, 70, 24, 2),
(3, 70, 25, 3),
(3, 70, 26, 1),
(3, 70, 27, 0),
(3, 70, 28, 12),
(3, 70, 29, 0),
(3, 70, 30, 1),
(3, 70, 31, 0),
(3, 70, 32, 1),
(3, 70, 33, 0),
(3, 70, 34, 2),
(3, 71, 1, 206),
(3, 71, 2, 65),
(3, 71, 3, 37),
(3, 71, 4, 85),
(3, 71, 5, 52),
(3, 71, 6, 211),
(3, 71, 7, 184),
(3, 71, 8, 98),
(3, 71, 9, 15),
(3, 71, 10, 74),
(3, 71, 11, 6),
(3, 71, 16, 10),
(3, 71, 24, 1),
(3, 71, 25, 0),
(3, 71, 26, 6),
(3, 71, 27, 1),
(3, 71, 28, 19),
(3, 71, 29, 0),
(3, 71, 30, 0),
(3, 71, 31, 1),
(3, 71, 32, 2),
(3, 71, 33, 2),
(3, 71, 34, 1),
(3, 72, 1, 207),
(3, 72, 2, 110),
(3, 72, 3, 74),
(3, 72, 4, 96),
(3, 72, 5, 139),
(3, 72, 6, 358),
(3, 72, 7, 411),
(3, 72, 8, 166),
(3, 72, 9, 6),
(3, 72, 10, 129),
(3, 72, 11, 12),
(3, 72, 16, 9),
(3, 72, 24, 2),
(3, 72, 25, 3),
(3, 72, 26, 5),
(3, 72, 27, 0),
(3, 72, 28, 21),
(3, 72, 29, 1),
(3, 72, 30, 3),
(3, 72, 31, 4),
(3, 72, 32, 1),
(3, 72, 33, 4),
(3, 72, 34, 1),
(3, 73, 1, 109),
(3, 73, 2, 56),
(3, 73, 3, 71),
(3, 73, 4, 63),
(3, 73, 5, 69),
(3, 73, 6, 182),
(3, 73, 7, 178),
(3, 73, 8, 80),
(3, 73, 9, 6),
(3, 73, 10, 58),
(3, 73, 11, 7),
(3, 73, 16, 15),
(3, 73, 24, 0),
(3, 73, 25, 4),
(3, 73, 26, 17),
(3, 73, 27, 0),
(3, 73, 28, 10),
(3, 73, 29, 1),
(3, 73, 30, 0),
(3, 73, 31, 2),
(3, 73, 32, 0),
(3, 73, 33, 4),
(3, 73, 34, 1),
(3, 74, 1, 129),
(3, 74, 2, 91),
(3, 74, 3, 52),
(3, 74, 4, 79),
(3, 74, 5, 85),
(3, 74, 6, 192),
(3, 74, 7, 170),
(3, 74, 8, 87),
(3, 74, 9, 1),
(3, 74, 10, 47),
(3, 74, 11, 5),
(3, 74, 16, 16),
(3, 74, 24, 0),
(3, 74, 25, 4),
(3, 74, 26, 6),
(3, 74, 27, 2),
(3, 74, 28, 14),
(3, 74, 29, 2),
(3, 74, 30, 0),
(3, 74, 31, 0),
(3, 74, 32, 0),
(3, 74, 33, 0),
(3, 74, 34, 0),
(3, 75, 1, 144),
(3, 75, 2, 98),
(3, 75, 3, 145),
(3, 75, 4, 102),
(3, 75, 5, 176),
(3, 75, 6, 145),
(3, 75, 7, 190),
(3, 75, 8, 108),
(3, 75, 9, 13),
(3, 75, 10, 69),
(3, 75, 11, 4),
(3, 75, 16, 39),
(3, 75, 24, 0),
(3, 75, 25, 2),
(3, 75, 26, 7),
(3, 75, 27, 3),
(3, 75, 28, 19),
(3, 75, 29, 1),
(3, 75, 30, 0),
(3, 75, 31, 0),
(3, 75, 32, 1),
(3, 75, 33, 0),
(3, 75, 34, 1),
(3, 76, 1, 265),
(3, 76, 2, 33),
(3, 76, 3, 43),
(3, 76, 4, 110),
(3, 76, 5, 21),
(3, 76, 6, 125),
(3, 76, 7, 52),
(3, 76, 8, 104),
(3, 76, 9, 1),
(3, 76, 10, 15),
(3, 76, 11, 0),
(3, 76, 16, 11),
(3, 76, 24, 0),
(3, 76, 25, 1),
(3, 76, 26, 5),
(3, 76, 27, 0),
(3, 76, 28, 18),
(3, 76, 29, 0),
(3, 76, 30, 0),
(3, 76, 31, 0),
(3, 76, 32, 0),
(3, 76, 33, 0),
(3, 76, 34, 1),
(3, 77, 1, 231),
(3, 77, 2, 80),
(3, 77, 3, 88),
(3, 77, 4, 102),
(3, 77, 5, 71),
(3, 77, 6, 231),
(3, 77, 7, 155),
(3, 77, 8, 134),
(3, 77, 9, 7),
(3, 77, 10, 62),
(3, 77, 11, 7),
(3, 77, 16, 27),
(3, 77, 24, 1),
(3, 77, 25, 3),
(3, 77, 26, 2),
(3, 77, 27, 0),
(3, 77, 28, 20),
(3, 77, 29, 0),
(3, 77, 30, 2),
(3, 77, 31, 0),
(3, 77, 32, 1),
(3, 77, 33, 2),
(3, 77, 34, 0),
(3, 78, 1, 135),
(3, 78, 2, 104),
(3, 78, 3, 160),
(3, 78, 4, 100),
(3, 78, 5, 119),
(3, 78, 6, 170),
(3, 78, 7, 193),
(3, 78, 8, 85),
(3, 78, 9, 10),
(3, 78, 10, 56),
(3, 78, 11, 7),
(3, 78, 16, 35),
(3, 78, 24, 1),
(3, 78, 25, 2),
(3, 78, 26, 44),
(3, 78, 27, 0),
(3, 78, 28, 28),
(3, 78, 29, 1),
(3, 78, 30, 0),
(3, 78, 31, 1),
(3, 78, 32, 1),
(3, 78, 33, 3),
(3, 78, 34, 1),
(3, 79, 1, 111),
(3, 79, 2, 100),
(3, 79, 3, 116),
(3, 79, 4, 86),
(3, 79, 5, 144),
(3, 79, 6, 111),
(3, 79, 7, 116),
(3, 79, 8, 98),
(3, 79, 9, 4),
(3, 79, 10, 57),
(3, 79, 11, 7),
(3, 79, 16, 28),
(3, 79, 24, 0),
(3, 79, 25, 3),
(3, 79, 26, 77),
(3, 79, 27, 0),
(3, 79, 28, 9),
(3, 79, 29, 1),
(3, 79, 30, 0),
(3, 79, 31, 0),
(3, 79, 32, 2),
(3, 79, 33, 1),
(3, 79, 34, 1),
(3, 80, 1, 308),
(3, 80, 2, 91),
(3, 80, 3, 137),
(3, 80, 4, 174),
(3, 80, 5, 100),
(3, 80, 6, 204),
(3, 80, 7, 139),
(3, 80, 8, 250),
(3, 80, 9, 18),
(3, 80, 10, 31),
(3, 80, 11, 2),
(3, 80, 16, 29),
(3, 80, 24, 0),
(3, 80, 25, 8),
(3, 80, 26, 11),
(3, 80, 27, 4),
(3, 80, 28, 16),
(3, 80, 29, 1),
(3, 80, 30, 0),
(3, 80, 31, 2),
(3, 80, 32, 0),
(3, 80, 33, 0),
(3, 80, 34, 1),
(3, 81, 1, 176),
(3, 81, 2, 65),
(3, 81, 3, 91),
(3, 81, 4, 95),
(3, 81, 5, 100),
(3, 81, 6, 153),
(3, 81, 7, 104),
(3, 81, 8, 91),
(3, 81, 9, 7),
(3, 81, 10, 31),
(3, 81, 11, 6),
(3, 81, 16, 36),
(3, 81, 24, 1),
(3, 81, 25, 1),
(3, 81, 26, 64),
(3, 81, 27, 0),
(3, 81, 28, 17),
(3, 81, 29, 0),
(3, 81, 30, 1),
(3, 81, 31, 1),
(3, 81, 32, 2),
(3, 81, 33, 3),
(3, 81, 34, 0),
(3, 82, 1, 179),
(3, 82, 2, 118),
(3, 82, 3, 184),
(3, 82, 4, 113),
(3, 82, 5, 210),
(3, 82, 6, 215),
(3, 82, 7, 201),
(3, 82, 8, 225),
(3, 82, 9, 23),
(3, 82, 10, 69),
(3, 82, 11, 9),
(3, 82, 16, 37),
(3, 82, 24, 2),
(3, 82, 25, 1),
(3, 82, 26, 77),
(3, 82, 27, 2),
(3, 82, 28, 24),
(3, 82, 29, 2),
(3, 82, 30, 0),
(3, 82, 31, 2),
(3, 82, 32, 1),
(3, 82, 33, 1),
(3, 82, 34, 2),
(3, 83, 1, 94),
(3, 83, 2, 85),
(3, 83, 3, 135),
(3, 83, 4, 48),
(3, 83, 5, 126),
(3, 83, 6, 108),
(3, 83, 7, 104),
(3, 83, 8, 98),
(3, 83, 9, 9),
(3, 83, 10, 29),
(3, 83, 11, 2),
(3, 83, 16, 37),
(3, 83, 24, 0),
(3, 83, 25, 6),
(3, 83, 26, 83),
(3, 83, 27, 0),
(3, 83, 28, 7),
(3, 83, 29, 0),
(3, 83, 30, 0),
(3, 83, 31, 0),
(3, 83, 32, 1),
(3, 83, 33, 1),
(3, 83, 34, 0),
(3, 84, 1, 119),
(3, 84, 2, 76),
(3, 84, 3, 137),
(3, 84, 4, 99),
(3, 84, 5, 103),
(3, 84, 6, 99),
(3, 84, 7, 88),
(3, 84, 8, 118),
(3, 84, 9, 6),
(3, 84, 10, 30),
(3, 84, 11, 0),
(3, 84, 16, 30),
(3, 84, 24, 0),
(3, 84, 25, 2),
(3, 84, 26, 49),
(3, 84, 27, 1),
(3, 84, 28, 13),
(3, 84, 29, 2),
(3, 84, 30, 0),
(3, 84, 31, 0),
(3, 84, 32, 4),
(3, 84, 33, 2),
(3, 84, 34, 2),
(3, 85, 1, 120),
(3, 85, 2, 84),
(3, 85, 3, 78),
(3, 85, 4, 96),
(3, 85, 5, 70),
(3, 85, 6, 97),
(3, 85, 7, 85),
(3, 85, 8, 61),
(3, 85, 9, 10),
(3, 85, 10, 26),
(3, 85, 11, 6),
(3, 85, 16, 30),
(3, 85, 24, 1),
(3, 85, 25, 3),
(3, 85, 26, 24),
(3, 85, 27, 0),
(3, 85, 28, 7),
(3, 85, 29, 1),
(3, 85, 30, 2),
(3, 85, 31, 0),
(3, 85, 32, 1),
(3, 85, 33, 1),
(3, 85, 34, 0),
(3, 86, 1, 217),
(3, 86, 2, 127),
(3, 86, 3, 117),
(3, 86, 4, 165),
(3, 86, 5, 130),
(3, 86, 6, 196),
(3, 86, 7, 149),
(3, 86, 8, 121),
(3, 86, 9, 13),
(3, 86, 10, 30),
(3, 86, 11, 2),
(3, 86, 16, 50),
(3, 86, 24, 1),
(3, 86, 25, 5),
(3, 86, 26, 23),
(3, 86, 27, 2),
(3, 86, 28, 11),
(3, 86, 29, 0),
(3, 86, 30, 0),
(3, 86, 31, 0),
(3, 86, 32, 1),
(3, 86, 33, 0),
(3, 86, 34, 0),
(3, 87, 1, 208),
(3, 87, 2, 118),
(3, 87, 3, 119),
(3, 87, 4, 190),
(3, 87, 5, 163),
(3, 87, 6, 214),
(3, 87, 7, 159),
(3, 87, 8, 122),
(3, 87, 9, 16),
(3, 87, 10, 52),
(3, 87, 11, 4),
(3, 87, 16, 34),
(3, 87, 24, 4),
(3, 87, 25, 3),
(3, 87, 26, 15),
(3, 87, 27, 0),
(3, 87, 28, 23),
(3, 87, 29, 1),
(3, 87, 30, 1),
(3, 87, 31, 1),
(3, 87, 32, 0),
(3, 87, 33, 1),
(3, 87, 34, 0),
(3, 88, 1, 174),
(3, 88, 2, 115),
(3, 88, 3, 119),
(3, 88, 4, 134),
(3, 88, 5, 159),
(3, 88, 6, 202),
(3, 88, 7, 187),
(3, 88, 8, 126),
(3, 88, 9, 7),
(3, 88, 10, 51),
(3, 88, 11, 1),
(3, 88, 16, 42),
(3, 88, 24, 2),
(3, 88, 25, 2),
(3, 88, 26, 16),
(3, 88, 27, 0),
(3, 88, 28, 9),
(3, 88, 29, 2),
(3, 88, 30, 1),
(3, 88, 31, 0),
(3, 88, 32, 2),
(3, 88, 33, 1),
(3, 88, 34, 0),
(3, 89, 1, 124),
(3, 89, 2, 79),
(3, 89, 3, 77),
(3, 89, 4, 114),
(3, 89, 5, 115),
(3, 89, 6, 112),
(3, 89, 7, 81),
(3, 89, 8, 90),
(3, 89, 9, 9),
(3, 89, 10, 24),
(3, 89, 11, 3),
(3, 89, 16, 30),
(3, 89, 24, 0),
(3, 89, 25, 0),
(3, 89, 26, 15),
(3, 89, 27, 1),
(3, 89, 28, 16),
(3, 89, 29, 0),
(3, 89, 30, 0),
(3, 89, 31, 1),
(3, 89, 32, 0),
(3, 89, 33, 0),
(3, 89, 34, 0),
(3, 90, 1, 164),
(3, 90, 2, 139),
(3, 90, 3, 104),
(3, 90, 4, 155),
(3, 90, 5, 145),
(3, 90, 6, 201),
(3, 90, 7, 135),
(3, 90, 8, 98),
(3, 90, 9, 10),
(3, 90, 10, 49),
(3, 90, 11, 9),
(3, 90, 16, 49),
(3, 90, 24, 3),
(3, 90, 25, 3),
(3, 90, 26, 15),
(3, 90, 27, 0),
(3, 90, 28, 22),
(3, 90, 29, 0),
(3, 90, 30, 0),
(3, 90, 31, 0),
(3, 90, 32, 0),
(3, 90, 33, 0),
(3, 90, 34, 0),
(3, 91, 1, 170),
(3, 91, 2, 120),
(3, 91, 3, 191),
(3, 91, 4, 139),
(3, 91, 5, 180),
(3, 91, 6, 133),
(3, 91, 7, 121),
(3, 91, 8, 106),
(3, 91, 9, 17),
(3, 91, 10, 38),
(3, 91, 11, 6),
(3, 91, 16, 43),
(3, 91, 24, 1),
(3, 91, 25, 6),
(3, 91, 26, 32),
(3, 91, 27, 1),
(3, 91, 28, 19),
(3, 91, 29, 0),
(3, 91, 30, 0),
(3, 91, 31, 1),
(3, 91, 32, 1),
(3, 91, 33, 1),
(3, 91, 34, 1),
(3, 92, 1, 147),
(3, 92, 2, 85),
(3, 92, 3, 106),
(3, 92, 4, 118),
(3, 92, 5, 107),
(3, 92, 6, 143),
(3, 92, 7, 159),
(3, 92, 8, 122),
(3, 92, 9, 18),
(3, 92, 10, 69),
(3, 92, 11, 9),
(3, 92, 16, 32),
(3, 92, 24, 2),
(3, 92, 25, 3),
(3, 92, 26, 23),
(3, 92, 27, 2),
(3, 92, 28, 17),
(3, 92, 29, 0),
(3, 92, 30, 1),
(3, 92, 31, 2),
(3, 92, 32, 1),
(3, 92, 33, 2),
(3, 92, 34, 1),
(3, 93, 1, 99),
(3, 93, 2, 59),
(3, 93, 3, 80),
(3, 93, 4, 70),
(3, 93, 5, 116),
(3, 93, 6, 112),
(3, 93, 7, 123),
(3, 93, 8, 107),
(3, 93, 9, 6),
(3, 93, 10, 30),
(3, 93, 11, 6),
(3, 93, 16, 27),
(3, 93, 24, 0),
(3, 93, 25, 2),
(3, 93, 26, 7),
(3, 93, 27, 2),
(3, 93, 28, 19),
(3, 93, 29, 0),
(3, 93, 30, 1),
(3, 93, 31, 0),
(3, 93, 32, 1),
(3, 93, 33, 0),
(3, 93, 34, 0),
(3, 94, 1, 314),
(3, 94, 2, 110),
(3, 94, 3, 37),
(3, 94, 4, 153),
(3, 94, 5, 69),
(3, 94, 6, 289),
(3, 94, 7, 185),
(3, 94, 8, 97),
(3, 94, 9, 3),
(3, 94, 10, 53),
(3, 94, 11, 5),
(3, 94, 16, 6),
(3, 94, 24, 1),
(3, 94, 25, 3),
(3, 94, 26, 2),
(3, 94, 27, 1),
(3, 94, 28, 9),
(3, 94, 29, 0),
(3, 94, 30, 0),
(3, 94, 31, 0),
(3, 94, 32, 0),
(3, 94, 33, 1),
(3, 94, 34, 3),
(3, 95, 1, 133),
(3, 95, 2, 62),
(3, 95, 3, 109),
(3, 95, 4, 65),
(3, 95, 5, 101),
(3, 95, 6, 158),
(3, 95, 7, 137),
(3, 95, 8, 114),
(3, 95, 9, 6),
(3, 95, 10, 43),
(3, 95, 11, 4),
(3, 95, 16, 18),
(3, 95, 24, 3),
(3, 95, 25, 0),
(3, 95, 26, 14),
(3, 95, 27, 0),
(3, 95, 28, 17),
(3, 95, 29, 0),
(3, 95, 30, 0),
(3, 95, 31, 0),
(3, 95, 32, 2),
(3, 95, 33, 1),
(3, 95, 34, 0),
(3, 96, 1, 220),
(3, 96, 2, 78),
(3, 96, 3, 39),
(3, 96, 4, 98),
(3, 96, 5, 56),
(3, 96, 6, 205),
(3, 96, 7, 129),
(3, 96, 8, 80),
(3, 96, 9, 5),
(3, 96, 10, 26),
(3, 96, 11, 7),
(3, 96, 16, 12),
(3, 96, 24, 0),
(3, 96, 25, 2),
(3, 96, 26, 0),
(3, 96, 27, 1),
(3, 96, 28, 12),
(3, 96, 29, 1),
(3, 96, 30, 1),
(3, 96, 31, 0),
(3, 96, 32, 1),
(3, 96, 33, 0),
(3, 96, 34, 2),
(3, 97, 1, 260),
(3, 97, 2, 28),
(3, 97, 3, 43),
(3, 97, 4, 174),
(3, 97, 5, 16),
(3, 97, 6, 87),
(3, 97, 7, 45),
(3, 97, 8, 79),
(3, 97, 9, 50),
(3, 97, 10, 20),
(3, 97, 11, 0),
(3, 97, 16, 22),
(3, 97, 24, 0),
(3, 97, 25, 1),
(3, 97, 26, 0),
(3, 97, 27, 1),
(3, 97, 28, 11),
(3, 97, 29, 0),
(3, 97, 30, 0),
(3, 97, 31, 0),
(3, 97, 32, 0),
(3, 97, 33, 0),
(3, 97, 34, 0),
(3, 98, 1, 291),
(3, 98, 2, 78),
(3, 98, 3, 82),
(3, 98, 4, 270),
(3, 98, 5, 86),
(3, 98, 6, 165),
(3, 98, 7, 77),
(3, 98, 8, 199),
(3, 98, 9, 18),
(3, 98, 10, 31),
(3, 98, 11, 1),
(3, 98, 16, 33),
(3, 98, 24, 0),
(3, 98, 25, 0),
(3, 98, 26, 0),
(3, 98, 27, 1),
(3, 98, 28, 10),
(3, 98, 29, 0),
(3, 98, 30, 0),
(3, 98, 31, 1),
(3, 98, 32, 1),
(3, 98, 33, 0),
(3, 98, 34, 0),
(3, 99, 1, 375),
(3, 99, 2, 89),
(3, 99, 3, 102),
(3, 99, 4, 299),
(3, 99, 5, 99),
(3, 99, 6, 172),
(3, 99, 7, 95),
(3, 99, 8, 185),
(3, 99, 9, 22),
(3, 99, 10, 40),
(3, 99, 11, 2),
(3, 99, 16, 32),
(3, 99, 24, 0),
(3, 99, 25, 3),
(3, 99, 26, 0),
(3, 99, 27, 1),
(3, 99, 28, 24),
(3, 99, 29, 0),
(3, 99, 30, 0),
(3, 99, 31, 0),
(3, 99, 32, 0),
(3, 99, 33, 1),
(3, 99, 34, 1),
(3, 100, 1, 124),
(3, 100, 2, 22),
(3, 100, 3, 48),
(3, 100, 4, 245),
(3, 100, 5, 40),
(3, 100, 6, 66),
(3, 100, 7, 44),
(3, 100, 8, 35),
(3, 100, 9, 11),
(3, 100, 10, 14),
(3, 100, 11, 0),
(3, 100, 16, 19),
(3, 100, 24, 1),
(3, 100, 25, 0),
(3, 100, 26, 0),
(3, 100, 27, 0),
(3, 100, 28, 13),
(3, 100, 29, 0),
(3, 100, 30, 0),
(3, 100, 31, 0),
(3, 100, 32, 0),
(3, 100, 33, 0),
(3, 100, 34, 0),
(3, 101, 1, 217),
(3, 101, 2, 71),
(3, 101, 3, 126),
(3, 101, 4, 217),
(3, 101, 5, 110),
(3, 101, 6, 130),
(3, 101, 7, 91),
(3, 101, 8, 183),
(3, 101, 9, 27),
(3, 101, 10, 41),
(3, 101, 11, 5),
(3, 101, 16, 44),
(3, 101, 24, 2),
(3, 101, 25, 3),
(3, 101, 26, 1),
(3, 101, 27, 1),
(3, 101, 28, 11),
(3, 101, 29, 0),
(3, 101, 30, 1),
(3, 101, 31, 0),
(3, 101, 32, 0),
(3, 101, 33, 2),
(3, 101, 34, 2),
(3, 102, 1, 198),
(3, 102, 2, 88),
(3, 102, 3, 128),
(3, 102, 4, 235),
(3, 102, 5, 171),
(3, 102, 6, 158),
(3, 102, 7, 126),
(3, 102, 8, 128),
(3, 102, 9, 22),
(3, 102, 10, 37),
(3, 102, 11, 1),
(3, 102, 16, 50),
(3, 102, 24, 4),
(3, 102, 25, 13),
(3, 102, 26, 2),
(3, 102, 27, 9),
(3, 102, 28, 23),
(3, 102, 29, 4),
(3, 102, 30, 0),
(3, 102, 31, 0),
(3, 102, 32, 6),
(3, 102, 33, 1),
(3, 102, 34, 1),
(3, 103, 1, 393),
(3, 103, 2, 69),
(3, 103, 3, 118),
(3, 103, 4, 129),
(3, 103, 5, 103),
(3, 103, 6, 222),
(3, 103, 7, 152),
(3, 103, 8, 145),
(3, 103, 9, 7),
(3, 103, 10, 34),
(3, 103, 11, 8),
(3, 103, 16, 18),
(3, 103, 24, 1),
(3, 103, 25, 5),
(3, 103, 26, 39),
(3, 103, 27, 2),
(3, 103, 28, 19),
(3, 103, 29, 0),
(3, 103, 30, 2),
(3, 103, 31, 2),
(3, 103, 32, 1),
(3, 103, 33, 0),
(3, 103, 34, 1),
(3, 104, 1, 250),
(3, 104, 2, 122),
(3, 104, 3, 127),
(3, 104, 4, 217),
(3, 104, 5, 170),
(3, 104, 6, 192),
(3, 104, 7, 185),
(3, 104, 8, 233),
(3, 104, 9, 26),
(3, 104, 10, 51),
(3, 104, 11, 9),
(3, 104, 16, 46),
(3, 104, 24, 2),
(3, 104, 25, 7),
(3, 104, 26, 6),
(3, 104, 27, 2),
(3, 104, 28, 15),
(3, 104, 29, 2),
(3, 104, 30, 0),
(3, 104, 31, 0),
(3, 104, 32, 2),
(3, 104, 33, 2),
(3, 104, 34, 0),
(3, 105, 1, 214),
(3, 105, 2, 118),
(3, 105, 3, 107),
(3, 105, 4, 192),
(3, 105, 5, 134),
(3, 105, 6, 217),
(3, 105, 7, 178),
(3, 105, 8, 172),
(3, 105, 9, 25),
(3, 105, 10, 37),
(3, 105, 11, 8),
(3, 105, 16, 30),
(3, 105, 24, 1),
(3, 105, 25, 5),
(3, 105, 26, 5),
(3, 105, 27, 0),
(3, 105, 28, 19),
(3, 105, 29, 0),
(3, 105, 30, 0),
(3, 105, 31, 0),
(3, 105, 32, 1),
(3, 105, 33, 0),
(3, 105, 34, 2),
(3, 106, 1, 91),
(3, 106, 2, 60),
(3, 106, 3, 41),
(3, 106, 4, 87),
(3, 106, 5, 49),
(3, 106, 6, 103),
(3, 106, 7, 89),
(3, 106, 8, 95),
(3, 106, 9, 3),
(3, 106, 10, 23),
(3, 106, 11, 6),
(3, 106, 16, 14),
(3, 106, 24, 1),
(3, 106, 25, 0),
(3, 106, 26, 0),
(3, 106, 27, 0),
(3, 106, 28, 7),
(3, 106, 29, 0),
(3, 106, 30, 0),
(3, 106, 31, 0),
(3, 106, 32, 3),
(3, 106, 33, 0),
(3, 106, 34, 0),
(3, 107, 1, 195),
(3, 107, 2, 97),
(3, 107, 3, 123),
(3, 107, 4, 150),
(3, 107, 5, 152),
(3, 107, 6, 177),
(3, 107, 7, 141),
(3, 107, 8, 155),
(3, 107, 9, 8),
(3, 107, 10, 31),
(3, 107, 11, 4),
(3, 107, 16, 43),
(3, 107, 24, 1),
(3, 107, 25, 6),
(3, 107, 26, 7),
(3, 107, 27, 2),
(3, 107, 28, 26),
(3, 107, 29, 0),
(3, 107, 30, 1),
(3, 107, 31, 1),
(3, 107, 32, 3),
(3, 107, 33, 0),
(3, 107, 34, 0),
(3, 108, 1, 103),
(3, 108, 2, 19),
(3, 108, 3, 32),
(3, 108, 4, 89),
(3, 108, 5, 31),
(3, 108, 6, 41),
(3, 108, 7, 38),
(3, 108, 8, 66),
(3, 108, 9, 3),
(3, 108, 10, 16),
(3, 108, 11, 0),
(3, 108, 16, 15),
(3, 108, 24, 0),
(3, 108, 25, 0),
(3, 108, 26, 1),
(3, 108, 27, 0),
(3, 108, 28, 1),
(3, 108, 29, 0),
(3, 108, 30, 0),
(3, 108, 31, 0),
(3, 108, 32, 0),
(3, 108, 33, 0),
(3, 108, 34, 0),
(3, 109, 1, 274),
(3, 109, 2, 94),
(3, 109, 3, 143),
(3, 109, 4, 161),
(3, 109, 5, 157),
(3, 109, 6, 231),
(3, 109, 7, 178),
(3, 109, 8, 189),
(3, 109, 9, 15),
(3, 109, 10, 42),
(3, 109, 11, 2),
(3, 109, 16, 31),
(3, 109, 24, 0),
(3, 109, 25, 5),
(3, 109, 26, 6),
(3, 109, 27, 2),
(3, 109, 28, 26),
(3, 109, 29, 1),
(3, 109, 30, 1),
(3, 109, 31, 0),
(3, 109, 32, 5),
(3, 109, 33, 2),
(3, 109, 34, 0),
(3, 110, 1, 221),
(3, 110, 2, 113),
(3, 110, 3, 46),
(3, 110, 4, 137),
(3, 110, 5, 82),
(3, 110, 6, 284),
(3, 110, 7, 221),
(3, 110, 8, 141),
(3, 110, 9, 2),
(3, 110, 10, 46),
(3, 110, 11, 11),
(3, 110, 16, 26),
(3, 110, 24, 4),
(3, 110, 25, 1),
(3, 110, 26, 7),
(3, 110, 27, 3),
(3, 110, 28, 18),
(3, 110, 29, 0),
(3, 110, 30, 2),
(3, 110, 31, 0),
(3, 110, 32, 1),
(3, 110, 33, 0),
(3, 110, 34, 0),
(3, 111, 1, 267),
(3, 111, 2, 116),
(3, 111, 3, 115),
(3, 111, 4, 169),
(3, 111, 5, 125),
(3, 111, 6, 241),
(3, 111, 7, 156),
(3, 111, 8, 167),
(3, 111, 9, 8),
(3, 111, 10, 23),
(3, 111, 11, 5),
(3, 111, 16, 39),
(3, 111, 24, 1),
(3, 111, 25, 5),
(3, 111, 26, 1),
(3, 111, 27, 0),
(3, 111, 28, 26),
(3, 111, 29, 0),
(3, 111, 30, 1),
(3, 111, 31, 0),
(3, 111, 32, 0),
(3, 111, 33, 1),
(3, 111, 34, 3),
(3, 112, 1, 186),
(3, 112, 2, 94),
(3, 112, 3, 106),
(3, 112, 4, 153),
(3, 112, 5, 103),
(3, 112, 6, 155),
(3, 112, 7, 126),
(3, 112, 8, 142),
(3, 112, 9, 21),
(3, 112, 10, 29),
(3, 112, 11, 1),
(3, 112, 16, 34),
(3, 112, 24, 2),
(3, 112, 25, 4),
(3, 112, 26, 1),
(3, 112, 27, 0),
(3, 112, 28, 24),
(3, 112, 29, 0),
(3, 112, 30, 0),
(3, 112, 31, 0),
(3, 112, 32, 0),
(3, 112, 33, 1),
(3, 112, 34, 0),
(3, 113, 1, 276),
(3, 113, 2, 105),
(3, 113, 3, 99),
(3, 113, 4, 219),
(3, 113, 5, 76),
(3, 113, 6, 239),
(3, 113, 7, 160),
(3, 113, 8, 201),
(3, 113, 9, 14),
(3, 113, 10, 37),
(3, 113, 11, 5),
(3, 113, 16, 26),
(3, 113, 24, 4),
(3, 113, 25, 4),
(3, 113, 26, 1),
(3, 113, 27, 3),
(3, 113, 28, 17),
(3, 113, 29, 1),
(3, 113, 30, 0),
(3, 113, 31, 1),
(3, 113, 32, 0),
(3, 113, 33, 1),
(3, 113, 34, 0),
(3, 114, 1, 208),
(3, 114, 2, 141),
(3, 114, 3, 151),
(3, 114, 4, 190),
(3, 114, 5, 172),
(3, 114, 6, 137),
(3, 114, 7, 140),
(3, 114, 8, 120),
(3, 114, 9, 12),
(3, 114, 10, 46),
(3, 114, 11, 5),
(3, 114, 16, 48),
(3, 114, 24, 0),
(3, 114, 25, 4),
(3, 114, 26, 3),
(3, 114, 27, 1),
(3, 114, 28, 33),
(3, 114, 29, 1),
(3, 114, 30, 0),
(3, 114, 31, 0),
(3, 114, 32, 2),
(3, 114, 33, 1),
(3, 114, 34, 2),
(3, 115, 1, 255),
(3, 115, 2, 108),
(3, 115, 3, 139),
(3, 115, 4, 153),
(3, 115, 5, 148),
(3, 115, 6, 179),
(3, 115, 7, 151),
(3, 115, 8, 155),
(3, 115, 9, 11),
(3, 115, 10, 26),
(3, 115, 11, 3),
(3, 115, 16, 54),
(3, 115, 24, 0),
(3, 115, 25, 4),
(3, 115, 26, 13),
(3, 115, 27, 1),
(3, 115, 28, 12),
(3, 115, 29, 1),
(3, 115, 30, 1),
(3, 115, 31, 0),
(3, 115, 32, 0),
(3, 115, 33, 1),
(3, 115, 34, 0),
(3, 116, 1, 204),
(3, 116, 2, 64),
(3, 116, 3, 69),
(3, 116, 4, 95),
(3, 116, 5, 127),
(3, 116, 6, 143),
(3, 116, 7, 97),
(3, 116, 8, 119),
(3, 116, 9, 14),
(3, 116, 10, 25),
(3, 116, 11, 6),
(3, 116, 16, 24),
(3, 116, 24, 2),
(3, 116, 25, 2),
(3, 116, 26, 45),
(3, 116, 27, 1),
(3, 116, 28, 8),
(3, 116, 29, 0),
(3, 116, 30, 0),
(3, 116, 31, 1),
(3, 116, 32, 0),
(3, 116, 33, 0),
(3, 116, 34, 0),
(3, 117, 1, 189),
(3, 117, 2, 75),
(3, 117, 3, 91),
(3, 117, 4, 130),
(3, 117, 5, 83),
(3, 117, 6, 134),
(3, 117, 7, 72),
(3, 117, 8, 119),
(3, 117, 9, 1),
(3, 117, 10, 17),
(3, 117, 11, 6),
(3, 117, 16, 31),
(3, 117, 24, 0),
(3, 117, 25, 4),
(3, 117, 26, 0),
(3, 117, 27, 1),
(3, 117, 28, 20),
(3, 117, 29, 0),
(3, 117, 30, 0),
(3, 117, 31, 0),
(3, 117, 32, 0),
(3, 117, 33, 1),
(3, 117, 34, 0),
(3, 118, 1, 286),
(3, 118, 2, 123),
(3, 118, 3, 109),
(3, 118, 4, 161),
(3, 118, 5, 122),
(3, 118, 6, 233),
(3, 118, 7, 156),
(3, 118, 8, 113),
(3, 118, 9, 19),
(3, 118, 10, 38),
(3, 118, 11, 2),
(3, 118, 16, 36),
(3, 118, 24, 3),
(3, 118, 25, 3),
(3, 118, 26, 3),
(3, 118, 27, 0),
(3, 118, 28, 15),
(3, 118, 29, 2),
(3, 118, 30, 0),
(3, 118, 31, 0),
(3, 118, 32, 0),
(3, 118, 33, 1),
(3, 118, 34, 1),
(3, 119, 1, 215),
(3, 119, 2, 70),
(3, 119, 3, 84),
(3, 119, 4, 156),
(3, 119, 5, 123),
(3, 119, 6, 197),
(3, 119, 7, 135),
(3, 119, 8, 105),
(3, 119, 9, 12),
(3, 119, 10, 53),
(3, 119, 11, 5),
(3, 119, 16, 29),
(3, 119, 24, 0),
(3, 119, 25, 2),
(3, 119, 26, 0),
(3, 119, 27, 2),
(3, 119, 28, 9),
(3, 119, 29, 2),
(3, 119, 30, 0),
(3, 119, 31, 1),
(3, 119, 32, 0),
(3, 119, 33, 0),
(3, 119, 34, 0),
(3, 120, 1, 306),
(3, 120, 2, 96),
(3, 120, 3, 77),
(3, 120, 4, 158),
(3, 120, 5, 98),
(3, 120, 6, 182),
(3, 120, 7, 135),
(3, 120, 8, 177),
(3, 120, 9, 15),
(3, 120, 10, 41),
(3, 120, 11, 4),
(3, 120, 16, 41),
(3, 120, 24, 0),
(3, 120, 25, 4),
(3, 120, 26, 18),
(3, 120, 27, 3),
(3, 120, 28, 22),
(3, 120, 29, 1),
(3, 120, 30, 2),
(3, 120, 31, 1),
(3, 120, 32, 1),
(3, 120, 33, 1),
(3, 120, 34, 0),
(3, 121, 1, 247),
(3, 121, 2, 85),
(3, 121, 3, 60),
(3, 121, 4, 108),
(3, 121, 5, 76),
(3, 121, 6, 295),
(3, 121, 7, 196),
(3, 121, 8, 97),
(3, 121, 9, 7),
(3, 121, 10, 72),
(3, 121, 11, 14),
(3, 121, 16, 14),
(3, 121, 24, 2),
(3, 121, 25, 3),
(3, 121, 26, 1),
(3, 121, 27, 1),
(3, 121, 28, 30),
(3, 121, 29, 2),
(3, 121, 30, 1),
(3, 121, 31, 0),
(3, 121, 32, 2),
(3, 121, 33, 0),
(3, 121, 34, 0),
(3, 122, 1, 203),
(3, 122, 2, 84),
(3, 122, 3, 68),
(3, 122, 4, 104),
(3, 122, 5, 62),
(3, 122, 6, 256),
(3, 122, 7, 158),
(3, 122, 8, 104),
(3, 122, 9, 4),
(3, 122, 10, 40),
(3, 122, 11, 9),
(3, 122, 16, 30),
(3, 122, 24, 2),
(3, 122, 25, 2),
(3, 122, 26, 2),
(3, 122, 27, 2),
(3, 122, 28, 17),
(3, 122, 29, 0),
(3, 122, 30, 0),
(3, 122, 31, 2),
(3, 122, 32, 5),
(3, 122, 33, 1),
(3, 122, 34, 1),
(3, 123, 1, 373),
(3, 123, 2, 62),
(3, 123, 3, 98),
(3, 123, 4, 170),
(3, 123, 5, 89),
(3, 123, 6, 172),
(3, 123, 7, 109),
(3, 123, 8, 171),
(3, 123, 9, 26),
(3, 123, 10, 24),
(3, 123, 11, 5),
(3, 123, 16, 23),
(3, 123, 24, 2),
(3, 123, 25, 5),
(3, 123, 26, 11),
(3, 123, 27, 3),
(3, 123, 28, 16),
(3, 123, 29, 0),
(3, 123, 30, 0),
(3, 123, 31, 0),
(3, 123, 32, 0),
(3, 123, 33, 0),
(3, 123, 34, 0),
(3, 124, 1, 55),
(3, 124, 2, 36),
(3, 124, 3, 97),
(3, 124, 4, 31),
(3, 124, 5, 80),
(3, 124, 6, 55),
(3, 124, 7, 94),
(3, 124, 8, 77),
(3, 124, 9, 7),
(3, 124, 10, 30),
(3, 124, 11, 6),
(3, 124, 16, 14),
(3, 124, 24, 0),
(3, 124, 25, 0),
(3, 124, 26, 49),
(3, 124, 27, 0),
(3, 124, 28, 13),
(3, 124, 29, 1),
(3, 124, 30, 3),
(3, 124, 31, 1),
(3, 124, 32, 2),
(3, 124, 33, 1),
(3, 124, 34, 3),
(3, 125, 1, 166),
(3, 125, 2, 82),
(3, 125, 3, 66),
(3, 125, 4, 166),
(3, 125, 5, 80),
(3, 125, 6, 108),
(3, 125, 7, 93),
(3, 125, 8, 139),
(3, 125, 9, 13),
(3, 125, 10, 30),
(3, 125, 11, 2),
(3, 125, 16, 20),
(3, 125, 24, 1),
(3, 125, 25, 2),
(3, 125, 26, 0),
(3, 125, 27, 0),
(3, 125, 28, 9),
(3, 125, 29, 0),
(3, 125, 30, 0),
(3, 125, 31, 0),
(3, 125, 32, 0),
(3, 125, 33, 0),
(3, 125, 34, 1),
(3, 126, 1, 180),
(3, 126, 2, 94),
(3, 126, 3, 62),
(3, 126, 4, 100),
(3, 126, 5, 105),
(3, 126, 6, 214),
(3, 126, 7, 182),
(3, 126, 8, 115),
(3, 126, 9, 14),
(3, 126, 10, 56),
(3, 126, 11, 3),
(3, 126, 16, 17),
(3, 126, 24, 1),
(3, 126, 25, 2),
(3, 126, 26, 6),
(3, 126, 27, 0),
(3, 126, 28, 16),
(3, 126, 29, 0),
(3, 126, 30, 0),
(3, 126, 31, 1),
(3, 126, 32, 1),
(3, 126, 33, 0),
(3, 126, 34, 0),
(3, 127, 1, 322),
(3, 127, 2, 92),
(3, 127, 3, 90),
(3, 127, 4, 131),
(3, 127, 5, 112),
(3, 127, 6, 198),
(3, 127, 7, 112),
(3, 127, 8, 103),
(3, 127, 9, 10),
(3, 127, 10, 26),
(3, 127, 11, 5),
(3, 127, 16, 50),
(3, 127, 24, 4),
(3, 127, 25, 5),
(3, 127, 26, 17),
(3, 127, 27, 0),
(3, 127, 28, 20),
(3, 127, 29, 0),
(3, 127, 30, 0),
(3, 127, 31, 1),
(3, 127, 32, 0),
(3, 127, 33, 1),
(3, 127, 34, 0),
(3, 128, 1, 230),
(3, 128, 2, 104),
(3, 128, 3, 64),
(3, 128, 4, 152),
(3, 128, 5, 145),
(3, 128, 6, 214),
(3, 128, 7, 126),
(3, 128, 8, 120),
(3, 128, 9, 9),
(3, 128, 10, 38),
(3, 128, 11, 2),
(3, 128, 16, 39),
(3, 128, 24, 2),
(3, 128, 25, 0),
(3, 128, 26, 7),
(3, 128, 27, 2),
(3, 128, 28, 16),
(3, 128, 29, 3),
(3, 128, 30, 1),
(3, 128, 31, 0),
(3, 128, 32, 1),
(3, 128, 33, 1),
(3, 128, 34, 0),
(3, 129, 1, 181),
(3, 129, 2, 66),
(3, 129, 3, 74),
(3, 129, 4, 116),
(3, 129, 5, 84),
(3, 129, 6, 158),
(3, 129, 7, 120),
(3, 129, 8, 121),
(3, 129, 9, 11),
(3, 129, 10, 22),
(3, 129, 11, 3),
(3, 129, 16, 23),
(3, 129, 24, 0),
(3, 129, 25, 0),
(3, 129, 26, 0),
(3, 129, 27, 0),
(3, 129, 28, 11),
(3, 129, 29, 0),
(3, 129, 30, 0),
(3, 129, 31, 0),
(3, 129, 32, 0),
(3, 129, 33, 1),
(3, 129, 34, 0),
(3, 130, 1, 105),
(3, 130, 2, 36),
(3, 130, 3, 158),
(3, 130, 4, 38),
(3, 130, 5, 90),
(3, 130, 6, 111),
(3, 130, 7, 89),
(3, 130, 8, 65),
(3, 130, 9, 5),
(3, 130, 10, 36),
(3, 130, 11, 5),
(3, 130, 16, 21),
(3, 130, 24, 3),
(3, 130, 25, 3),
(3, 130, 26, 9),
(3, 130, 27, 2),
(3, 130, 28, 16),
(3, 130, 29, 1),
(3, 130, 30, 1),
(3, 130, 31, 0),
(3, 130, 32, 3),
(3, 130, 33, 1),
(3, 130, 34, 0),
(3, 131, 1, 140),
(3, 131, 2, 71),
(3, 131, 3, 88),
(3, 131, 4, 96),
(3, 131, 5, 54),
(3, 131, 6, 92),
(3, 131, 7, 76),
(3, 131, 8, 72),
(3, 131, 9, 13),
(3, 131, 10, 34),
(3, 131, 11, 1),
(3, 131, 16, 37),
(3, 131, 24, 1),
(3, 131, 25, 2),
(3, 131, 26, 16),
(3, 131, 27, 1),
(3, 131, 28, 11),
(3, 131, 29, 0),
(3, 131, 30, 0),
(3, 131, 31, 0),
(3, 131, 32, 1),
(3, 131, 33, 2),
(3, 131, 34, 1),
(3, 132, 1, 392),
(3, 132, 2, 109),
(3, 132, 3, 96),
(3, 132, 4, 174),
(3, 132, 5, 100),
(3, 132, 6, 232),
(3, 132, 7, 162),
(3, 132, 8, 171),
(3, 132, 9, 14),
(3, 132, 10, 20),
(3, 132, 11, 5),
(3, 132, 16, 17),
(3, 132, 24, 1),
(3, 132, 25, 2),
(3, 132, 26, 16),
(3, 132, 27, 2),
(3, 132, 28, 27),
(3, 132, 29, 2),
(3, 132, 30, 1),
(3, 132, 31, 3),
(3, 132, 32, 0),
(3, 132, 33, 1),
(3, 132, 34, 1),
(3, 133, 1, 245),
(3, 133, 2, 39),
(3, 133, 3, 93),
(3, 133, 4, 116),
(3, 133, 5, 82),
(3, 133, 6, 129),
(3, 133, 7, 94),
(3, 133, 8, 115),
(3, 133, 9, 15),
(3, 133, 10, 14),
(3, 133, 11, 3),
(3, 133, 16, 11),
(3, 133, 24, 1),
(3, 133, 25, 2),
(3, 133, 26, 11),
(3, 133, 27, 3),
(3, 133, 28, 19),
(3, 133, 29, 3),
(3, 133, 30, 0),
(3, 133, 31, 0),
(3, 133, 32, 0),
(3, 133, 33, 0),
(3, 133, 34, 1),
(3, 134, 1, 140),
(3, 134, 2, 47),
(3, 134, 3, 37),
(3, 134, 4, 98),
(3, 134, 5, 67),
(3, 134, 6, 225),
(3, 134, 7, 227),
(3, 134, 8, 117),
(3, 134, 9, 10),
(3, 134, 10, 49),
(3, 134, 11, 10),
(3, 134, 16, 8),
(3, 134, 24, 0),
(3, 134, 25, 0),
(3, 134, 26, 8),
(3, 134, 27, 2),
(3, 134, 28, 16),
(3, 134, 29, 0),
(3, 134, 30, 1),
(3, 134, 31, 1),
(3, 134, 32, 0),
(3, 134, 33, 2),
(3, 134, 34, 1),
(3, 135, 1, 36),
(3, 135, 2, 30),
(3, 135, 3, 15),
(3, 135, 4, 37),
(3, 135, 5, 14),
(3, 135, 6, 23),
(3, 135, 7, 13),
(3, 135, 8, 21),
(3, 135, 9, 3),
(3, 135, 10, 6),
(3, 135, 11, 0),
(3, 135, 16, 7),
(3, 135, 24, 1),
(3, 135, 25, 0),
(3, 135, 26, 0),
(3, 135, 27, 0),
(3, 135, 28, 0),
(3, 135, 29, 0),
(3, 135, 30, 0),
(3, 135, 31, 0),
(3, 135, 32, 0),
(3, 135, 33, 0),
(3, 135, 34, 0);

-- --------------------------------------------------------

--
-- Tabelstructuur voor tabel `stemmen_totaal_partij`
--

CREATE TABLE IF NOT EXISTS `stemmen_totaal_partij` (
  `verkiezing_id` int(11) NOT NULL,
  `partij_id` int(11) NOT NULL,
  `stemmen_partij` int(11) DEFAULT NULL
) ENGINE=InnoDB DEFAULT CHARSET=latin1;

--
-- Gegevens worden geëxporteerd voor tabel `stemmen_totaal_partij`
--

INSERT INTO `stemmen_totaal_partij` (`verkiezing_id`, `partij_id`, `stemmen_partij`) VALUES
(1, 1, 14198),
(1, 2, 21411),
(1, 3, 4328),
(1, 4, 5403),
(1, 5, 6878),
(1, 6, 6696),
(1, 7, 2275),
(1, 8, 7355),
(1, 9, 769),
(1, 10, 1288),
(1, 11, 289),
(1, 12, 154),
(1, 13, 13),
(1, 14, 19),
(1, 15, 28),
(1, 16, 871),
(1, 17, 8),
(1, 18, 14),
(1, 19, 121),
(1, 20, 43),
(2, 1, 6646),
(2, 2, 8141),
(2, 4, 4812),
(2, 5, 6612),
(2, 6, 7781),
(2, 7, 4680),
(2, 8, 10478),
(2, 11, 798),
(2, 21, 3994),
(2, 22, 1149),
(2, 23, 237),
(3, 1, 14074),
(3, 2, 5700),
(3, 3, 6379),
(3, 4, 9060),
(3, 5, 6967),
(3, 6, 11912),
(3, 7, 9374),
(3, 8, 8334),
(3, 9, 798),
(3, 10, 2727),
(3, 11, 330),
(3, 16, 1897),
(3, 24, 78),
(3, 25, 198),
(3, 26, 966),
(3, 27, 85),
(3, 28, 1121),
(3, 29, 44),
(3, 30, 35),
(3, 31, 37),
(3, 32, 69),
(3, 33, 62),
(3, 34, 43);

-- --------------------------------------------------------

--
-- Tabelstructuur voor tabel `verkiezing`
--

CREATE TABLE IF NOT EXISTS `verkiezing` (
  `verkiezing_id` int(11) NOT NULL,
  `datum` varchar(8) NOT NULL,
  `naam` varchar(60) DEFAULT NULL,
  `cbs_nummer` varchar(45) DEFAULT NULL,
  `totaal_opgeroepen` int(11) DEFAULT NULL,
  `totaal_stemmen` int(11) DEFAULT NULL
) ENGINE=InnoDB AUTO_INCREMENT=4 DEFAULT CHARSET=latin1;

--
-- Gegevens worden geëxporteerd voor tabel `verkiezing`
--

INSERT INTO `verkiezing` (`verkiezing_id`, `datum`, `naam`, `cbs_nummer`, `totaal_opgeroepen`, `totaal_stemmen`) VALUES
(1, '20120912', 'Tweede Kamer der Staten-Generaal 2012', '193', 93106, 72161),
(2, '20140919', 'Gemeenteraad Zwolle 2014', '193', 0, 55328),
(3, '20170315', 'Tweede Kamer der Staten-Generaal 2017', '193', 95706, 80290);

--
-- Indexen voor geëxporteerde tabellen
--

--
-- Indexen voor tabel `partij`
--
ALTER TABLE `partij`
  ADD PRIMARY KEY (`partij_id`);

--
-- Indexen voor tabel `stembureau`
--
ALTER TABLE `stembureau`
  ADD PRIMARY KEY (`stembureau_id`);

--
-- Indexen voor tabel `stembureau_stats`
--
ALTER TABLE `stembureau_stats`
  ADD PRIMARY KEY (`verkiezing_id`,`stembureau_id`);

--
-- Indexen voor tabel `stemmen_stembureau_per_partij`
--
ALTER TABLE `stemmen_stembureau_per_partij`
  ADD PRIMARY KEY (`verkiezing_id`,`stembureau_id`,`partij_id`);

--
-- Indexen voor tabel `stemmen_totaal_partij`
--
ALTER TABLE `stemmen_totaal_partij`
  ADD PRIMARY KEY (`verkiezing_id`,`partij_id`);

--
-- Indexen voor tabel `verkiezing`
--
ALTER TABLE `verkiezing`
  ADD PRIMARY KEY (`verkiezing_id`),
  ADD UNIQUE KEY `datum_UNIQUE` (`datum`);

--
-- AUTO_INCREMENT voor geëxporteerde tabellen
--

--
-- AUTO_INCREMENT voor een tabel `partij`
--
ALTER TABLE `partij`
  MODIFY `partij_id` int(11) NOT NULL AUTO_INCREMENT,AUTO_INCREMENT=35;
--
-- AUTO_INCREMENT voor een tabel `stembureau`
--
ALTER TABLE `stembureau`
  MODIFY `stembureau_id` int(11) NOT NULL AUTO_INCREMENT,AUTO_INCREMENT=136;
--
-- AUTO_INCREMENT voor een tabel `verkiezing`
--
ALTER TABLE `verkiezing`
  MODIFY `verkiezing_id` int(11) NOT NULL AUTO_INCREMENT,AUTO_INCREMENT=4;
/*!40101 SET CHARACTER_SET_CLIENT=@OLD_CHARACTER_SET_CLIENT */;
/*!40101 SET CHARACTER_SET_RESULTS=@OLD_CHARACTER_SET_RESULTS */;
/*!40101 SET COLLATION_CONNECTION=@OLD_COLLATION_CONNECTION */;
